lineage	gene	relative_pos	count	frequency_pct
Fld_Lineage	FldH	-10	0	0.0
Fld_Lineage	FldH	-9	0	0.0
Fld_Lineage	FldH	-8	0	0.0
Fld_Lineage	FldH	-7	0	0.0
Fld_Lineage	FldH	-6	0	0.0
Fld_Lineage	FldH	-5	0	0.0
Fld_Lineage	FldH	-4	0	0.0
Fld_Lineage	FldH	-3	1	3.0303030303030303
Fld_Lineage	FldH	-2	0	0.0
Fld_Lineage	FldH	-1	0	0.0
Fld_Lineage	FldH	0	0	0.0
Fld_Lineage	FldH	1	0	0.0
Fld_Lineage	FldH	2	0	0.0
Fld_Lineage	FldH	3	0	0.0
Fld_Lineage	FldH	4	5	15.151515151515152
Fld_Lineage	FldH	5	1	3.0303030303030303
Fld_Lineage	FldH	6	0	0.0
Fld_Lineage	FldH	7	6	18.181818181818183
Fld_Lineage	FldH	8	5	15.151515151515152
Fld_Lineage	FldH	9	4	12.121212121212121
Fld_Lineage	FldH	10	0	0.0
Fld_Lineage	AcdA	-10	2	6.0606060606060606
Fld_Lineage	AcdA	-9	0	0.0
Fld_Lineage	AcdA	-8	7	21.21212121212121
Fld_Lineage	AcdA	-7	0	0.0
Fld_Lineage	AcdA	-6	0	0.0
Fld_Lineage	AcdA	-5	0	0.0
Fld_Lineage	AcdA	-4	0	0.0
Fld_Lineage	AcdA	-3	0	0.0
Fld_Lineage	AcdA	-2	0	0.0
Fld_Lineage	AcdA	-1	0	0.0
Fld_Lineage	AcdA	0	0	0.0
Fld_Lineage	AcdA	1	0	0.0
Fld_Lineage	AcdA	2	0	0.0
Fld_Lineage	AcdA	3	0	0.0
Fld_Lineage	AcdA	4	13	39.39393939393939
Fld_Lineage	AcdA	5	14	42.42424242424242
Fld_Lineage	AcdA	6	0	0.0
Fld_Lineage	AcdA	7	7	21.21212121212121
Fld_Lineage	AcdA	8	0	0.0
Fld_Lineage	AcdA	9	0	0.0
Fld_Lineage	AcdA	10	0	0.0
Fld_Lineage	EtfB	-10	0	0.0
Fld_Lineage	EtfB	-9	0	0.0
Fld_Lineage	EtfB	-8	2	6.0606060606060606
Fld_Lineage	EtfB	-7	0	0.0
Fld_Lineage	EtfB	-6	7	21.21212121212121
Fld_Lineage	EtfB	-5	0	0.0
Fld_Lineage	EtfB	-4	0	0.0
Fld_Lineage	EtfB	-3	0	0.0
Fld_Lineage	EtfB	-2	0	0.0
Fld_Lineage	EtfB	-1	0	0.0
Fld_Lineage	EtfB	0	0	0.0
Fld_Lineage	EtfB	1	0	0.0
Fld_Lineage	EtfB	2	0	0.0
Fld_Lineage	EtfB	3	0	0.0
Fld_Lineage	EtfB	4	0	0.0
Fld_Lineage	EtfB	5	12	36.36363636363637
Fld_Lineage	EtfB	6	13	39.39393939393939
Fld_Lineage	EtfB	7	0	0.0
Fld_Lineage	EtfB	8	5	15.151515151515152
Fld_Lineage	EtfB	9	0	0.0
Fld_Lineage	EtfB	10	0	0.0
Fld_Lineage	EtfA	-10	0	0.0
Fld_Lineage	EtfA	-9	0	0.0
Fld_Lineage	EtfA	-8	0	0.0
Fld_Lineage	EtfA	-7	2	6.0606060606060606
Fld_Lineage	EtfA	-6	0	0.0
Fld_Lineage	EtfA	-5	7	21.21212121212121
Fld_Lineage	EtfA	-4	0	0.0
Fld_Lineage	EtfA	-3	0	0.0
Fld_Lineage	EtfA	-2	0	0.0
Fld_Lineage	EtfA	-1	0	0.0
Fld_Lineage	EtfA	0	0	0.0
Fld_Lineage	EtfA	1	0	0.0
Fld_Lineage	EtfA	2	0	0.0
Fld_Lineage	EtfA	3	0	0.0
Fld_Lineage	EtfA	4	0	0.0
Fld_Lineage	EtfA	5	0	0.0
Fld_Lineage	EtfA	6	12	36.36363636363637
Fld_Lineage	EtfA	7	13	39.39393939393939
Fld_Lineage	EtfA	8	0	0.0
Fld_Lineage	EtfA	9	5	15.151515151515152
Fld_Lineage	EtfA	10	0	0.0
Fld_Lineage	FldX	-10	1	3.0303030303030303
Fld_Lineage	FldX	-9	0	0.0
Fld_Lineage	FldX	-8	0	0.0
Fld_Lineage	FldX	-7	0	0.0
Fld_Lineage	FldX	-6	0	0.0
Fld_Lineage	FldX	-5	0	0.0
Fld_Lineage	FldX	-4	2	6.0606060606060606
Fld_Lineage	FldX	-3	0	0.0
Fld_Lineage	FldX	-2	7	21.21212121212121
Fld_Lineage	FldX	-1	0	0.0
Fld_Lineage	FldX	0	0	0.0
Fld_Lineage	FldX	1	0	0.0
Fld_Lineage	FldX	2	0	0.0
Fld_Lineage	FldX	3	0	0.0
Fld_Lineage	FldX	4	0	0.0
Fld_Lineage	FldX	5	1	3.0303030303030303
Fld_Lineage	FldX	6	0	0.0
Fld_Lineage	FldX	7	0	0.0
Fld_Lineage	FldX	8	2	6.0606060606060606
Fld_Lineage	FldX	9	0	0.0
Fld_Lineage	FldX	10	0	0.0
