figure	path	source_filename	bytes	sha256
1	data/figure1/Figure1b_upset_data.tsv	Figure1a_upset_data.tsv	579322	726cf1c7844336fd29be0bf38f657f7854bf32d2f4d54c4ee2dd6b0d2f66a076
1	data/figure1/Figure1d1_positional_frequency.tsv	Figure1c1_positional_frequency.tsv	3222	d1f906c600e01f6db95f963aa7278b7c903a8b55b2adee43f93027cfabc28094
1	data/figure1/Figure1d2_representative_synteny_tracks.tsv	Figure1c2_representative_synteny_tracks.tsv	396733	138024eec6ed12a45191b9ca743327c448e31ca260d1b022dac0e87a29900f97
1	data/figure1/itol/01_labels.txt	01_labels.txt	4927	cbe3bdc5667637de705cf7a153866c39258dff164b1513e46011ccb5abefc20a
1	data/figure1/itol/02_tree_colors.txt	02_tree_colors.txt	8938	4ef9be57c4a215ca5aba1aebbe1cb2b21da94296c838e70f4bbb0a49279432e7
1	data/figure1/itol/03_strip_phylum.txt	03_strip_phylum.txt	4669	2d42a99c77a70f71bbc766e3f4ff3becf238465362aaea932752185b94ec1229
1	data/figure1/itol/04_strip_family.txt	04_strip_family.txt	5291	79f2df46a6560690c3380c883d5d67d8c09bbcb0d584666d471b2c7dd473d0a4
1	data/figure1/itol/05_symbol_status.txt	05_symbol_status.txt	6065	5f2638cd7b68e24fb45c8c645f7c717389f9ad285e6b1e56f390e8c112979791
1	data/figure1/itol/FldA.fasttree.nwk	FldA.fasttree.nwk	4913	21320b46ec961186b8fc9ad654c76b64c80321edc6234da4e61626d8b46696b3
1	data/figure1/itol/FldB.fasttree.nwk	FldB.fasttree.nwk	4905	ce36d3621aa8ee22be5dc9c59c996e31a016bc2196338781d4a26d7479f06e78
1	data/figure1/itol/FldBC_concat.fasttree.nwk	FldBC_concat.fasttree.nwk	4930	547d0458348ba251f38eec9fc27100ce154c31564cab193eeac1870cc32cfcc8
1	data/figure1/itol/FldBC_concat_iqtree.treefile	FldBC_concat_iqtree.treefile	5010	f6a9e50e8cdfb5562937904bc50214c7014a6b9e5ad1e384c08c533b62584b7a
1	data/figure1/itol/FldB_iqtree.treefile	FldB_iqtree.treefile	5111	de16c3711a959d36907197b4d9c33ac9230e7ef79917713fa6c95cba7622177e
1	data/figure1/itol/FldC.fasttree.nwk	FldC.fasttree.nwk	5036	414759ab8c22047cc84049f9a77498e7de758fca8894addd012b749a7fe913f0
1	data/figure1/itol/FldI.fasttree.nwk	FldI.fasttree.nwk	4966	63f19e0d7c0844ff0c1efdbb5418805a3923ee980c5b9440cc440d1aaa77dccf
1	data/figure1/itol/tree_FldBC_concat.nwk	tree_FldBC_concat.nwk	5010	f6a9e50e8cdfb5562937904bc50214c7014a6b9e5ad1e384c08c533b62584b7a
2	data/figure2/Figure2a_country_carrier_prevalence.tsv	Figure2a_country_carrier_prevalence.tsv	2217	e8b66b39dcd4075c0ec6d1ef2540dee8dd5fb25875a8cf61fa58af3b279bbd3f
2	data/figure2/Figure2b_carrier_prevalence_abundance.tsv	Figure2c_carrier_prevalence_abundance.tsv	2955	c9160caeb158079188d6ae02ed39cbd53a4844281d71d9ec2587ea23bd679659
2	data/figure2/Figure2d_richness_distribution.tsv	Figure2e_richness_distribution.tsv	135	156c019e52b46545292ba69d8290d8888820429af3f3dd338f176a58bb5179de
2	data/figure2/Figure2d_sample_states.tsv	Figure2e_sample_states.tsv	361	79b65187da881361ec46afc7ac87e062c3bce4ad51edb9d3c7f468aac62838a3
2	data/figure2/carrier_by_sample_counts.tsv.gz	carrier_by_sample_counts.tsv.gz	32042	af1b45ec290871d136d139a329e4fc96bdaa5c6c2958690a8f45983588418f07
2	data/figure2/ne_110m_admin_0_countries.geojson	ne_110m_admin_0_countries.geojson	838726	6866c877d39cba9c357620878839b336d569f8c662d3cfab4cb1dbe2d39c977f
2	data/figure2/sample_fld_landscape_metrics.tsv	sample_fld_landscape_metrics.tsv	1717545	7b4ef345f6872783fc4b9b01c21fd9f1f82281f79fa81ef2157114bf7b85f0db
3	data/figure3/figure3a_disease.tsv	Figure3a_disease.tsv	2553	7e8e21bfdb00bbfb4a5eda21ea95930c9c53ed77577e60fa749136c1bff1864c
3	data/figure3/figure3b_cohort_effects.tsv	Figure3b_meta.tsv	1618	b359818a48080bbe4f2e0b7d2a6e0094c17d9443cf100fbddf67b5816b8c9cba
3	data/figure3/figure3b_pooled_effects.tsv	Figure3c_lineages_decomposition.tsv	4645	bdc2373a4c9fb90ce1d52a9b008df90504f7a3818e4d8ed67cda35d265e1341a
3	data/figure3/figure3c_prevalence.tsv	Figure3c_unified_prevalence.tsv	5020	a93c3086910a2e37786956b0eba0971eb97d61ffe6da7fe2710982b9bf2587cb
3	data/figure3/figure3d_exposure_robustness.tsv	Figure3e_G1_G4_exposure_robustness.tsv	9207	f8ae141795c8b020f49e2ef7d7a3e4cc3ec9b00f9a3b2dd03f7d262f11952b44
3	data/figure3/figure3d_lineage_contrasts.tsv	Figure3d_G1_G4_contrast_heatmap.tsv	1203	065352b729dc0f072e4a1dc0d875cfb0334597aca8019b724e3392e71d973d86
4	data/figure4/Figure4a_hgb_permutation_null.tsv	Figure4b_hgb_permutation_null_v2_2.tsv	5008	8d1ca434ce86f65e6c9f0b6932d40263b6f5de844579583bbf225a1133dfd76a
4	data/figure4/Figure4a_metric_annotations.tsv	Figure4b_metric_annotations.tsv	1205	1e3429e2ce4e6427d9582a5311c0989d6a94464c1b54e3c64d7692587edb9812
4	data/figure4/Figure4a_pr_curve.tsv	Figure4b_pr_curve.tsv	424790	97337027e8a38f10d3659c29843f4bfb6aba0851ea73b19839f9a79bec2ba30b
4	data/figure4/Figure4a_roc_curve.tsv	Figure4b_roc_curve.tsv	42154	99f67081e2de9862e3a75fe6bdee11c06703ec2307d6e08e6c1bdf60c439c197
4	data/figure4/Figure4b_adjusted_meta_associations.tsv	Figure4c_adjusted_meta_associations.tsv	3931	5d59285e162ab4951ba307dce5f562ae212797d3abcf856554550bd2fe901cc2
4	data/figure4/Figure4c_cross_study_reproducibility.tsv	Figure4d_cross_study_reproducibility.tsv	22858	ee2abebf097c622464585a0570532b16dd99a8f889dcfda60c1e7f9787c329c3
4	data/figure4/Figure4d_fastspar_contexts.tsv	Figure4e_fastspar_contexts.tsv	2191	d206dbd6ecbeed496f400069ca5b713a5d49e6cac75c150e9a0be8570fb63fbc
