sample_id	carrier_group	group_raw_reads	group_cpm	log10_group_cpm_plus1	n_detected_carriers_in_group
ERS235498	Complete (P. anaerobius)	22078.0	261.15378494493257	2.4185561323866946	1
ERS396445	Complete (P. anaerobius)	1615.0	29.49751324091315	1.4842644285343622	1
ERS396478	Complete (P. anaerobius)	4999.0	88.1392016139894	1.9500687399566685	1
ERS396508	Complete (P. anaerobius)	227821.0	4654.887250552303	3.668002454662479	1
ERS396510	Complete (P. anaerobius)	3599.0	74.01458089300124	1.8751456872037575	1
ERS396517	Complete (P. anaerobius)	3769.0	75.87007363624448	1.8857572970937155	1
ERS396523	Complete (P. anaerobius)	1271.0	25.955433071506114	1.4306463136847625	1
ERS396531	Complete (P. anaerobius)	226275.0	7058.4069252774625	3.848768216646918	1
ERS436683	Complete (P. anaerobius)	57646.0	3944.7607581227167	3.59613074929504	1
ERS436695	Complete (P. anaerobius)	37749.0	838.5752897060034	2.9240596479877183	1
ERS436698	Complete (P. anaerobius)	248898.0	8596.153603067536	3.9343546862321133	1
ERS436703	Complete (P. anaerobius)	58084.0	645.6506369108322	2.81066970966295	1
ERS436762	Complete (P. anaerobius)	20954.0	4176.300719163209	3.6208957407600155	1
ERS436833	Complete (P. anaerobius)	15117.0	453.02184178416707	2.6570767461129794	1
ERS714120	Complete (P. anaerobius)	7097.0	670.1936271262499	2.826847824285121	1
ERS714156	Complete (P. anaerobius)	1813.0	892.9864362600763	2.951330929643692	1
ERS971701	Complete (P. anaerobius)	989.0	55.37194043434892	1.7510629843576373	1
ERS971717	Complete (P. anaerobius)	4386.0	195.31668355833867	2.292957208766798	1
ERS971720	Complete (P. anaerobius)	991.0	40.247798098200164	1.6154007698720056	1
ERS971786	Complete (P. anaerobius)	916.0	53.55854741501366	1.736862799001026	1
ERS971787	Complete (P. anaerobius)	15461.0	670.7041369661051	2.8271780230880608	1
ERS971793	Complete (P. anaerobius)	17716.0	762.7438958207912	2.8829477521907863	1
ERS971794	Complete (P. anaerobius)	3810.0	166.23620506741184	2.223330303957415	1
ERS971816	Complete (P. anaerobius)	17866.0	801.576232856415	2.9044862945802983	1
ERS971979	Complete (P. anaerobius)	1488.0	89.58419388042425	1.9570524238426563	1
ERS972075	Complete (P. anaerobius)	1425.0	74.66296352339607	1.8788833474861004	1
SRS146888	Complete (P. anaerobius)	11055.0	305.3065678388432	2.486156309067712	1
SRS1876259	Complete (P. anaerobius)	3189.0	129.4128871292776	2.1153205095906196	1
SRS1876432	Complete (P. anaerobius)	1613.0	147.2021551928686	2.1708545193083872	1
SRS1876466	Complete (P. anaerobius)	1986.0	74.91657044011674	1.8803365804443266	1
SRS3104884	Complete (P. anaerobius)	25788.0	890.8082495863155	2.9502714854314442	1
SRS3104910	Complete (P. anaerobius)	7489.0	415.92493201996064	2.6200578666181036	1
SRS3104911	Complete (P. anaerobius)	4951.0	588.0363173890095	2.7701420723005215	1
SRS3104928	Complete (P. anaerobius)	1372.0	49.618474795351815	1.704309055126034	1
SRS3638618	Complete (P. anaerobius)	2909.0	127.16179421488587	2.107758578735246	1
SRS3638651	Complete (P. anaerobius)	1185.0	83.10800660431626	1.9248373401327765	1
SRS4552106	Complete (P. anaerobius)	1509.0	46.34865652475746	1.675307660801553	1
ERS848621	Complete (P. anaerobius)	211783.0	6551.962844728043	3.8164377055152214	1
ERS848632	Complete (P. anaerobius)	9256.0	912.5450394116726	2.9607299637145763	1
ERS848654	Complete (P. anaerobius)	1179.0	31.649760263132723	1.5138799967357233	1
ERS848655	Complete (P. anaerobius)	8366.0	229.27803809912555	2.3622525207381364	1
ERS848656	Complete (P. anaerobius)	36423.0	1666.4763324947648	3.2220596784267457	1
ERS848659	Complete (P. anaerobius)	202426.0	4665.224304973742	3.66896561145537	1
ERS848663	Complete (P. anaerobius)	1034.0	28.799046077554607	1.4742023617311173	1
ERS848714	Complete (P. anaerobius)	2919.0	116.64703434605791	2.070580983927036	1
ERS848718	Complete (P. anaerobius)	4433.0	124.67920347511007	2.0992634195855406	1
ERS848731	Complete (P. anaerobius)	23800.0	1174.3189665440475	3.0701557445748002	1
ERS848734	Complete (P. anaerobius)	1207.0	61.56624423313785	1.7963400856507001	1
ERS1015640	Complete (P. anaerobius)	5591.0	158.85259726269499	2.2037196970211745	1
ERS1015667	Complete (P. anaerobius)	1167.0	35.86332881820067	1.5665945501478378	1
ERS1015675	Complete (P. anaerobius)	1794.0	48.92358833631111	1.6983057933941543	1
ERS1015837	Complete (P. anaerobius)	3303.0	99.8957249529238	2.0038727651597243	1
ERS1015847	Complete (P. anaerobius)	804.0	22.810934745008648	1.3767764448223878	1
ERS1015851	Complete (P. anaerobius)	1264.0	42.19209285464891	1.6354042481133595	1
ERS199330	Complete (P. anaerobius)	24578.0	3120.212344046511	3.494323315833105	1
ERS199331	Complete (P. anaerobius)	229990.0	8860.73262258692	3.94751864230055	1
ERS199344	Complete (P. anaerobius)	419766.0	9515.879305935614	3.9784945615780836	1
ERS199375	Complete (P. anaerobius)	3771.0	127.70048340948574	2.109580178152855	1
ERS199376	Complete (P. anaerobius)	41135.0	652.3368653934634	2.815137164519586	1
ERS199241	Complete (P. anaerobius)	3569.0	96.86288815278402	1.990618028614887	1
ERS199283	Complete (P. anaerobius)	4030.0	122.54808796094275	2.0918360286176023	1
ERS199363	Complete (P. anaerobius)	6987.0	116.69249868151005	2.070748783276358	1
ERS199381	Complete (P. anaerobius)	72217.0	1598.7492842466067	3.204051924530881	1
ERS199235	Complete (P. anaerobius)	39395.0	2352.4964708074267	3.371713551395535	1
ERS199334	Complete (P. anaerobius)	7800.0	303.55353781529874	2.483663648804566	1
ERS199343	Complete (P. anaerobius)	224922.0	7319.726807261968	3.8645542002815962	1
ERS1066691	Complete (P. anaerobius)	17590.0	338.75640156195396	2.5311676482944234	1
ERS1066730	Complete (P. anaerobius)	19568.0	558.9349455765375	2.748137572687802	1
ERS3905546	Complete (P. anaerobius)	5574.0	271.91299720711106	2.436024219000482	1
ERS537182	Complete (P. anaerobius)	4065.0	112.15024435786329	2.0536554961887328	1
ERS537217	Complete (P. anaerobius)	1505.0	29.04796463613931	1.4778150594591999	1
ERS537284	Complete (P. anaerobius)	1149.0	27.45632622072702	1.454178830918571	1
ERS537303	Complete (P. anaerobius)	16726.0	374.30371642682417	2.57438286501439	1
ERS537319	Complete (P. anaerobius)	2335.0	71.74892852884891	1.8618266012670828	1
ERS537321	Complete (P. anaerobius)	4445.0	200.7322731387749	2.304775382223078	1
ERS608580	Complete (P. anaerobius)	10665.0	316.9255917549066	2.502325488312996	1
ERS608585	Complete (P. anaerobius)	2324.0	85.34875819943942	1.9362560962635353	1
ERS608591	Complete (P. anaerobius)	26875.0	687.8637039342476	2.838133302481364	1
ERS608603	Complete (P. anaerobius)	9672.0	253.60474949884085	2.405866500896188	1
ERS608616	Complete (P. anaerobius)	2188.0	52.92438298163734	1.7317851844801329	1
SRS1735479	Complete (P. anaerobius)	9792.0	779.4231647716649	2.89233015178245	1
SRS1735486	Complete (P. anaerobius)	9975.0	704.5859397421151	2.848549917995003	1
SRS1735520	Complete (P. anaerobius)	1741.0	61.55297338691258	1.7962479582314745	1
SRS2433059	Complete (P. anaerobius)	3206.0	524.7150442153439	2.7207504052592895	1
SRS2440935	Complete (P. anaerobius)	3379.0	598.8608705654121	2.778050533463099	1
SRS2444300	Complete (P. anaerobius)	2024.0	275.82274627332674	2.44220177283357	1
SRS2432823	Complete (P. anaerobius)	1905.0	113.01481585674397	2.05696129016755	1
SRS2432810	Complete (P. anaerobius)	1933.0	246.2915475238207	2.393209272339875	1
SRS2432758	Complete (P. anaerobius)	4846.0	413.3359967888416	2.617352665684602	1
SRS2432960	Complete (P. anaerobius)	2126.0	185.01385993998275	2.2695453048157597	1
SRS2440475	Complete (P. anaerobius)	2330.0	334.9599737207368	2.526287538616954	1
SRS2440802	Complete (P. anaerobius)	44267.0	5084.52694384634	3.7063359596084364	1
SRS2444189	Complete (P. anaerobius)	1856.0	388.4659925860763	2.5904695419135835	1
SRS2432953	Complete (P. anaerobius)	1572.0	564.599807561974	2.7525092530257824	1
SRS2433114	Complete (P. anaerobius)	3196.0	593.0419992863456	2.7738171510645175	1
SRS2440476	Complete (P. anaerobius)	2334.0	415.5518961825309	2.619669115758851	1
SRS7616338	Complete (P. anaerobius)	5288.0	447.468864612067	2.6517322971091035	1
DRS087548	Complete (P. anaerobius)	1559.0	83.06971973907049	1.9246395996239185	1
DRS087557	Complete (P. anaerobius)	874.0	55.28100587648477	1.7503618507154983	1
DRS087568	Complete (P. anaerobius)	10844.0	586.7908848064126	2.7692228469475992	1
DRS091155	Complete (P. anaerobius)	1536.0	63.371335230732726	1.808692517631767	1
DRS091247	Complete (P. anaerobius)	1079.0	42.77078245796987	1.6411843102443977	1
DRS090905	Complete (P. anaerobius)	49632.0	2710.527196775198	3.4332139647921855	1
DRS090990	Complete (P. anaerobius)	3248.0	152.22118262736385	2.1853188100892598	1
DRS087584	Complete (P. anaerobius)	2166.0	92.86706349971973	1.9725132317806773	1
DRS091046	Complete (P. anaerobius)	4326.0	157.38687436398112	2.19971918844359	1
DRS091065	Complete (P. anaerobius)	2340.0	85.90173084278518	1.9390284264830133	1
DRS087519	Complete (P. anaerobius)	6292.0	191.0136574461492	2.283332120071015	1
DRS087596	Complete (P. anaerobius)	6711.0	315.70951939235493	2.5006611172318385	1
DRS090913	Complete (P. anaerobius)	28144.0	2672.8704410008295	3.4271403602477433	1
ERS4425383	Complete (P. anaerobius)	1884.0	3286.891166218296	3.5169174333530755	1
ERS1015953	Complete (P. anaerobius)	1017.0	27.495011426245455	1.4547688354580983	1
ERS006598	Complete (P. anaerobius)	31941.0	2755.5543516079074	3.4403665599825968	1
ERS7968594	Complete (P. anaerobius)	742.0	1279.0986319505737	3.1072434334459893	1
ERS7968129	Complete (P. anaerobius)	1447.0	2145.3786882499376	3.3317063475033337	1
ERS7968794	Complete (P. anaerobius)	1820.0	2070.838609989407	3.3163559221538446	1
ERS7968669	Complete (P. anaerobius)	1019.0	1973.01290106473	3.29534998665323	1
ERS7968710	Complete (P. anaerobius)	6221.0	11769.246340674372	4.070785552331625	1
ERS7969596	Complete (P. anaerobius)	679.0	602.6694974677231	2.780799232146128	1
ERS7970416	Complete (P. anaerobius)	1557.0	1734.4420989311513	3.2394101285034385	1
ERS7969878	Complete (P. anaerobius)	1302.0	2488.541622865531	3.3961193916798487	1
ERS7968018	Complete (P. anaerobius)	23067.0	7763.0674263144665	3.8900892983223474	1
ERS7968019	Complete (P. anaerobius)	2219.0	731.7189790228468	2.8649374408608894	1
ERS7968143	Complete (P. anaerobius)	2240.0	5369.655215397486	3.730027272491559	1
ERS7969708	Complete (P. anaerobius)	2411.0	5318.8321071267055	3.725897926261401	1
ERS7968138	Complete (P. anaerobius)	8511.0	10397.616281413664	4.016975552632657	1
ERS7968139	Complete (P. anaerobius)	956.0	1878.6022099121813	3.274065946965993	1
ERS7968779	Complete (P. anaerobius)	916.0	974.9254703536446	2.98941665265639	1
ERS7969480	Complete (P. anaerobius)	2355.0	1945.5911912222857	3.289274753760304	1
ERS7969766	Complete (P. anaerobius)	820.0	865.0473402431627	2.93754163225343	1
ERS7969749	Complete (P. anaerobius)	3726.0	3309.7581904523336	3.5199274621210797	1
ERS7969750	Complete (P. anaerobius)	4880.0	5845.788576514545	3.766917389764564	1
ERS7970415	Complete (P. anaerobius)	1871.0	2353.1128123282488	3.371827270995821	1
ERS7970525	Complete (P. anaerobius)	1577.0	1553.5583579370873	3.1916070300487704	1
ERS7969692	Complete (P. anaerobius)	3752.0	7186.88584880723	3.8566011714382196	1
ERS7969733	Complete (P. anaerobius)	1590.0	1888.764819082464	3.276407759660024	1
ERS7968599	Complete (P. anaerobius)	2780.0	4049.6976565652444	3.6075298287215873	1
ERS7968217	Complete (P. anaerobius)	4649.0	4370.235770882705	3.6406042316170595	1
ERS7968780	Complete (P. anaerobius)	5596.0	4944.952498941819	3.6942499410696548	1
ERS7969118	Complete (P. anaerobius)	1739.0	3483.8947499168594	3.542189666158397	1
ERS7969767	Complete (P. anaerobius)	3519.0	6857.831062330454	3.8362501060220353	1
ERS7970390	Complete (P. anaerobius)	1325.0	1433.3141143038258	3.1566442720918846	1
ERS7970484	Complete (P. anaerobius)	749.0	1394.5079844425786	3.1447323256612196	1
ERS7970530	Complete (P. anaerobius)	922.0	2303.577540868514	3.3625913251768678	1
ERS7969719	Complete (P. anaerobius)	6435.0	9037.718253522393	3.956106849182315	1
ERS7970383	Complete (P. anaerobius)	1517.0	5334.955741319707	3.727212218700782	1
ERS8391341	Complete (P. anaerobius)	1870.0	52.24241778132989	1.7262577689147398	1
ERS8391352	Complete (P. anaerobius)	22459.0	1497.984201098993	3.1757970555222714	1
ERS8391485	Complete (P. anaerobius)	1128.0	48.71987449967647	1.6965300237474275	1
ERS8391596	Complete (P. anaerobius)	1151.0	48.32133122706626	1.6930347900803575	1
ERS8391584	Complete (P. anaerobius)	64819.0	757.3839531303669	2.8798891350622577	1
ERS8391634	Complete (P. anaerobius)	6305.0	177.4273118574715	2.2514613325576662	1
ERS8391253	Complete (P. anaerobius)	938.0	71.3162911727082	1.8592361447276722	1
ERS8391410	Complete (P. anaerobius)	3326.0	92.20543337288335	1.9694412301123678	1
ERS8391575	Complete (P. anaerobius)	1603.0	79.8492955379337	1.90767624013208	1
ERS8391589	Complete (P. anaerobius)	3515.0	100.78881946614901	2.0077000775015295	1
ERS8391603	Complete (P. anaerobius)	47706.0	1838.493016878943	3.2646981434926703	1
ERS8391287	Complete (P. anaerobius)	2149.0	122.71190687508164	2.0924115010946522	1
ERS8391332	Complete (P. anaerobius)	3586.0	171.9485957131767	2.237917040033558	1
ERS8391384	Complete (P. anaerobius)	1496.0	30.422117660427713	1.4972354505081205	1
ERS8391650	Complete (P. anaerobius)	3494.0	116.74164772649817	2.070930109219641	1
ERS8391261	Complete (P. anaerobius)	1082.0	28.448851357906797	1.4690683599499	1
ERS8391262	Complete (P. anaerobius)	1273.0	14.225789405034352	1.1825798185701255	1
ERS473143	Complete (P. anaerobius)	613116.0	24744.40995142457	4.3934946530619765	1
ERS473174	Complete (P. anaerobius)	3766.0	128.76976830502775	2.113173529232206	1
ERS473324	Complete (P. anaerobius)	1714.0	75.27407073962044	1.8823769252608429	1
ERS473154	Complete (P. anaerobius)	1242.0	43.73547586926811	1.6506520614691493	1
ERS473156	Complete (P. anaerobius)	19460.0	600.0491633291887	2.7789099969433857	1
ERS473330	Complete (P. anaerobius)	3126.0	107.04968033205263	2.033623486349006	1
ERS473370	Complete (P. anaerobius)	1622.0	79.02527054705754	1.9032271510685357	1
ERS473410	Complete (P. anaerobius)	4319.0	187.15435593421873	2.2745142770608613	1
ERS473110	Complete (P. anaerobius)	1772.0	56.58341666508071	1.7602974298155785	1
ERS473024	Complete (P. anaerobius)	2400.0	94.65928003492611	1.9807271078966457	1
ERS473144	Complete (P. anaerobius)	1483.0	69.2899249785881	1.846893079788348	1
ERS473180	Complete (P. anaerobius)	60710.0	1983.3360568404316	3.297615223902959	1
ERS473281	Complete (P. anaerobius)	1141.0	31.168379343160687	1.5074291815096161	1
ERS746901	Complete (P. anaerobius)	4687.0	81.55086889867005	1.9167216488394152	1
ERS746777	Complete (P. anaerobius)	13583.0	294.9354056068604	2.4711969271066763	1
ERS746893	Complete (P. anaerobius)	1255.0	23.058644066476216	1.38127114706695	1
ERS746908	Complete (P. anaerobius)	1464.0	29.149890629172315	1.4792857410455533	1
SRS3984172	Complete (P. anaerobius)	759.0	17.793155898919963	1.2739997164709194	1
SRS3984173	Complete (P. anaerobius)	1084.0	30.62526161431969	1.5000341268221506	1
SRS2409834	Complete (P. anaerobius)	548618.0	3763.6143045634926	3.575720488111705	1
SRS2409843	Complete (P. anaerobius)	1453.0	6.858787423217574	0.8953555414553573	1
SRS2409830	Complete (P. anaerobius)	4374.0	23.09746244117091	1.38197131204292	1
SRS259529	Complete (P. anaerobius)	1330.0	61.19030040802888	1.7937226546626013	1
SRS294932	Complete (P. anaerobius)	6022.0	212.33002799674728	2.329051990355346	1
SRS295001	Complete (P. anaerobius)	1164.0	37.642443420157484	1.5870645797088068	1
SRS295010	Complete (P. anaerobius)	12604.0	267.8372796300463	2.4294894921161947	1
SRS4997784	Complete (P. anaerobius)	5136.0	606.8551950869305	2.783800132784617	1
SRS4997673	Complete (P. anaerobius)	2530.0	720.6788395874298	2.858343971495444	1
SRS9547543	Complete (P. anaerobius)	1172.0	152.7891649016172	2.1869257386565684	1
SRS9553458	Complete (P. anaerobius)	1851.0	329.7529631893436	2.5195037436864958	1
SRS12878943	Complete (P. anaerobius)	16654.0	633.213568747036	2.8022355293481596	1
SRS12879155	Complete (P. anaerobius)	2132.0	133.6026525515757	2.129053618410702	1
SRS12879413	Complete (P. anaerobius)	3275.0	231.99428592760913	2.3673452702940954	1
SRS12879148	Complete (P. anaerobius)	3615.0	201.43124842240047	2.306277553473659	1
SRS12879070	Complete (P. anaerobius)	1942.0	76.50616891065064	1.8893362704706071	1
ERS235498	Complete (Pept. C & allies)	3347.0	39.590620446176715	1.608425689757578	1
ERS436714	Complete (Pept. C & allies)	3546.0	64.86984513175138	1.8186866423620411	1
ERS714114	Complete (Pept. C & allies)	25741.0	5577.4868959067735	3.746516417240402	1
ERS714117	Complete (Pept. C & allies)	100764.0	8092.68990703494	3.9081465612807267	1
ERS714120	Complete (Pept. C & allies)	23062.0	2177.8223797077044	3.3382218274665463	1
ERS714138	Complete (Pept. C & allies)	5195.0	5228.277989402547	3.718441729619769	1
ERS714144	Complete (Pept. C & allies)	1240.0	1118.3977328995634	3.0489844230011145	1
ERS714147	Complete (Pept. C & allies)	18018.0	15911.56356854212	4.201740151612972	1
ERS714148	Complete (Pept. C & allies)	6447.0	3643.457684858712	3.56163291207893	1
ERS714156	Complete (Pept. C & allies)	6004.0	2957.2479665226133	3.471034574657128	1
ERS971655	Complete (Pept. C & allies)	1817.0	56.634564707577226	1.7606830174436714	1
ERS971659	Complete (Pept. C & allies)	6717.0	350.4267176973944	2.5458347762470854	1
ERS971737	Complete (Pept. C & allies)	980.0	57.09963787759248	1.76417342553571	1
ERS971760	Complete (Pept. C & allies)	3493.0	154.9206052964929	2.192903512079399	1
ERS971791	Complete (Pept. C & allies)	2161.0	87.91319302425696	1.94896620678042	1
ERS971793	Complete (Pept. C & allies)	1377.0	59.28529829223468	1.7802114141462981	1
ERS971813	Complete (Pept. C & allies)	1140.0	44.920052354715054	1.6620023745412866	1
ERS971816	Complete (Pept. C & allies)	2984.0	133.8801902408789	2.1299481698289	1
ERS972039	Complete (Pept. C & allies)	1100.0	84.9883002015459	1.9344393639927504	1
SRS098717	Complete (Pept. C & allies)	4134.0	51.81247403736334	1.7227365127944518	1
SRS1876674	Complete (Pept. C & allies)	1590.0	59.983716118726115	1.785213885111088	1
SRS3104864	Complete (Pept. C & allies)	4118.0	208.59959161488402	2.32139043213051	1
SRS3104939	Complete (Pept. C & allies)	1245.0	33.90363144655766	1.5428706142129103	1
ERS848739	Complete (Pept. C & allies)	1361.0	106.28043995572925	2.0305205458833795	1
ERS537303	Complete (Pept. C & allies)	1505.0	33.679725769602435	1.5400756546282988	1
ERS537321	Complete (Pept. C & allies)	1643.0	74.19642851901175	1.876197214111333	1
ERS537353	Complete (Pept. C & allies)	2751.0	75.83048020347599	1.8855335476104282	1
ERS608614	Complete (Pept. C & allies)	80763.0	1904.8442072917114	3.280087396470788	1
ERS608619	Complete (Pept. C & allies)	1609.0	30.395620249928694	1.4968690673740006	1
ERS608620	Complete (Pept. C & allies)	2872.0	84.8265478740568	1.933621644630263	1
SRS1735580	Complete (Pept. C & allies)	126851.0	7973.52546413441	3.901704849166264	2
SRS2432809	Complete (Pept. C & allies)	14098.0	1758.8734027850035	3.245481427786098	1
SRS2432946	Complete (Pept. C & allies)	6963.0	931.0979494182342	2.96946155254354	1
SRS2433029	Complete (Pept. C & allies)	1997.0	211.5559105617461	2.327473185937635	1
DRS091102	Complete (Pept. C & allies)	984.0	39.84853991143095	1.6111765377413532	1
DRS091140	Complete (Pept. C & allies)	759.0	32.116755704976754	1.5200477843797628	1
DRS091251	Complete (Pept. C & allies)	21751.0	2397.6990202625466	3.3799757577470975	1
DRS090830	Complete (Pept. C & allies)	1782.0	81.97855566113911	1.9189658711550845	1
DRS090947	Complete (Pept. C & allies)	1652.0	50.653228884249486	1.7130974747962457	1
ERS7968615	Complete (Pept. C & allies)	894.0	2504.124522773808	3.3988293183108262	1
ERS7968115	Complete (Pept. C & allies)	3117.0	4996.369337007276	3.698741447720905	1
ERS7968129	Complete (Pept. C & allies)	2821.0	4182.524726712559	3.621542340225779	1
ERS7968135	Complete (Pept. C & allies)	870.0	770.8406061110826	2.8875276228309756	1
ERS7968660	Complete (Pept. C & allies)	952.0	1058.4893178192008	3.025096582344064	1
ERS7968195	Complete (Pept. C & allies)	1554.0	1253.676725661004	3.0985318418752663	1
ERS7968200	Complete (Pept. C & allies)	916.0	2168.8327370621787	3.3364262572721914	1
ERS7968202	Complete (Pept. C & allies)	903.0	413.9976122928407	2.6180455979867268	1
ERS7968794	Complete (Pept. C & allies)	1531.0	1742.0076438976823	3.241299291697087	1
ERS7968669	Complete (Pept. C & allies)	4185.0	8103.100089259956	3.9087047961163983	1
ERS7968897	Complete (Pept. C & allies)	1307.0	1820.0123376505826	3.260312888219641	1
ERS7969025	Complete (Pept. C & allies)	3723.0	5700.749687630154	3.7560081474407925	1
ERS7969546	Complete (Pept. C & allies)	3265.0	4189.926211100416	3.622310014354716	1
ERS7969512	Complete (Pept. C & allies)	1146.0	641.062575203185	2.807577356326048	1
ERS7969596	Complete (Pept. C & allies)	1362.0	1208.8893307084518	3.082745646960461	1
ERS7969632	Complete (Pept. C & allies)	6536.0	7994.754971034916	3.902859476746985	1
ERS7969674	Complete (Pept. C & allies)	3249.0	2545.6197945640165	3.4059641104727016	1
ERS7970398	Complete (Pept. C & allies)	977.0	1550.5180031486466	3.1907568193160927	1
ERS7970416	Complete (Pept. C & allies)	4839.0	5390.472265078896	3.731707375444766	1
ERS7970430	Complete (Pept. C & allies)	10059.0	10927.49548625671	4.03856037722956	1
ERS7970473	Complete (Pept. C & allies)	1844.0	2693.9253735922266	3.4305467434426706	1
ERS7970504	Complete (Pept. C & allies)	1191.0	1286.6286763712965	3.109790640156427	1
ERS7970673	Complete (Pept. C & allies)	2014.0	2005.788302688792	3.3025015609163497	1
ERS7968323	Complete (Pept. C & allies)	2084.0	3305.423336859753	3.519358457551189	1
ERS7968018	Complete (Pept. C & allies)	3603.0	1212.5691219929345	3.0840645177467993	1
ERS7968143	Complete (Pept. C & allies)	1459.0	3497.4673925289876	3.5438778304245995	1
ERS7968151	Complete (Pept. C & allies)	2242.0	599.3178148690696	2.778381231552663	1
ERS7968783	Complete (Pept. C & allies)	786.0	1274.3872483449989	3.1056420704832206	1
ERS7969488	Complete (Pept. C & allies)	3122.0	4075.787186988813	3.6103180413690805	1
ERS7969537	Complete (Pept. C & allies)	3213.0	4649.95788553549	3.6675424069889724	1
ERS7969656	Complete (Pept. C & allies)	1079.0	668.5034506301838	2.825752819713653	1
ERS7969708	Complete (Pept. C & allies)	809.0	1784.7097364850704	3.251810866597509	1
ERS7969710	Complete (Pept. C & allies)	968.0	1062.0696313916183	3.0265617118786525	1
ERS7969791	Complete (Pept. C & allies)	1963.0	3937.702852878756	3.595353217614708	1
ERS7970602	Complete (Pept. C & allies)	5682.0	9757.840017448021	3.989398198408419	1
ERS7968269	Complete (Pept. C & allies)	3153.0	1080.0930257095026	3.0338630656592054	1
ERS7968296	Complete (Pept. C & allies)	2422.0	2984.747226908569	3.475053037613539	1
ERS7968341	Complete (Pept. C & allies)	47841.0	28238.273157083917	4.450853514336918	1
ERS7968114	Complete (Pept. C & allies)	3416.0	4285.72324716303	3.632125446162908	1
ERS7968138	Complete (Pept. C & allies)	1226.0	1497.764958408313	3.1757335306001626	1
ERS7968718	Complete (Pept. C & allies)	1395.0	2967.6746832884814	3.472562608847802	1
ERS7968150	Complete (Pept. C & allies)	746.0	1010.611419909045	3.005013723376487	1
ERS7968206	Complete (Pept. C & allies)	1458.0	1445.2987148935158	3.1602580003111513	1
ERS7968256	Complete (Pept. C & allies)	2639.0	2097.0324487760686	3.3218122008334268	1
ERS7968799	Complete (Pept. C & allies)	2578.0	3571.052587835704	3.5529178439563593	1
ERS7968670	Complete (Pept. C & allies)	3695.0	5847.768115024571	3.7670644033155223	1
ERS7969019	Complete (Pept. C & allies)	4931.0	5134.91785797594	3.71061806916651	1
ERS7969480	Complete (Pept. C & allies)	2666.0	2202.524889935717	3.3431179604509693	1
ERS7969547	Complete (Pept. C & allies)	1603.0	2406.8129472422997	3.3816227454031242	1
ERS7969721	Complete (Pept. C & allies)	7907.0	9315.976186352513	3.9692749854589957	1
ERS7969766	Complete (Pept. C & allies)	6350.0	6698.84220798059	3.826064574490336	1
ERS7969558	Complete (Pept. C & allies)	1259.0	4241.827995390929	3.627655425788123	1
ERS7969652	Complete (Pept. C & allies)	915.0	1386.2985223421324	3.142169923694823	1
ERS7969749	Complete (Pept. C & allies)	13038.0	11581.488804916136	4.063801889106966	1
ERS7969750	Complete (Pept. C & allies)	21592.0	25865.218636086483	4.41273294415861	1
ERS7970415	Complete (Pept. C & allies)	5175.0	6508.476111062901	3.8135460375344183	1
ERS7970429	Complete (Pept. C & allies)	3927.0	5545.474443793291	3.744017016253111	1
ERS7970451	Complete (Pept. C & allies)	766.0	942.1859451933142	2.974597320532255	1
ERS7969884	Complete (Pept. C & allies)	1732.0	1082.38905512185	3.0347844438373057	1
ERS7970525	Complete (Pept. C & allies)	7813.0	7696.8620485494375	3.8863701239460786	1
ERS7968223	Complete (Pept. C & allies)	6172.0	2262.859011638032	3.354849376414543	1
ERS7968954	Complete (Pept. C & allies)	970.0	3406.9396198979325	3.5324918915590278	1
ERS7969477	Complete (Pept. C & allies)	876.0	1743.6791630340017	3.2417155742551635	1
ERS7969692	Complete (Pept. C & allies)	2044.0	3915.2437833054314	3.5928697184857934	1
ERS7968599	Complete (Pept. C & allies)	6166.0	8982.171133230682	3.953429673254431	1
ERS7968070	Complete (Pept. C & allies)	5662.0	10419.810522131515	4.0179014993473325	1
ERS7968612	Complete (Pept. C & allies)	3925.0	3574.9872939942034	3.5533959670148176	1
ERS7968142	Complete (Pept. C & allies)	3934.0	4949.436237321316	3.6946434710777507	1
ERS7968751	Complete (Pept. C & allies)	4133.0	4856.416685956813	3.6864053603496334	1
ERS7968217	Complete (Pept. C & allies)	4582.0	4307.253237725221	3.6343012230647376	1
ERS7968780	Complete (Pept. C & allies)	1046.0	924.3067036978454	2.9662857085723444	1
ERS7968798	Complete (Pept. C & allies)	1493.0	2047.5166489297508	3.31143949794937	1
ERS7968845	Complete (Pept. C & allies)	8805.0	11342.629866993013	4.0547520474101315	1
ERS7969005	Complete (Pept. C & allies)	1162.0	985.0429451597261	2.9938958301944942	1
ERS7969532	Complete (Pept. C & allies)	1209.0	2008.769466704106	3.303146243947731	1
ERS7969767	Complete (Pept. C & allies)	1934.0	3768.981322690281	3.5763391986215383	1
ERS7969510	Complete (Pept. C & allies)	853.0	1964.7541984240506	3.2935292118979853	1
ERS7969522	Complete (Pept. C & allies)	18099.0	8687.046034768344	3.9389221134179877	1
ERS7969631	Complete (Pept. C & allies)	1671.0	1822.1530630382085	3.260823131431918	1
ERS7969675	Complete (Pept. C & allies)	19157.0	10333.986770857047	4.014309925051603	1
ERS7970370	Complete (Pept. C & allies)	3961.0	2394.5283123804547	3.379401308084141	1
ERS7970390	Complete (Pept. C & allies)	2616.0	2829.848847561365	3.451916680943155	1
ERS7970529	Complete (Pept. C & allies)	3223.0	4180.117271549393	3.6212923487684328	1
ERS7970530	Complete (Pept. C & allies)	5276.0	13181.860201325682	4.120009646592612	1
ERS7970674	Complete (Pept. C & allies)	5274.0	7306.783782098795	3.863785689251036	1
ERS7970703	Complete (Pept. C & allies)	2221.0	6815.141212426202	3.8335385792853742	1
ERS7969719	Complete (Pept. C & allies)	1763.0	2476.0679535291342	3.3939379207715152	1
ERS7969658	Complete (Pept. C & allies)	947.0	1533.1141320097072	3.1858576706026547	1
ERS7970383	Complete (Pept. C & allies)	2626.0	9235.065113187575	3.9654869859816464	1
ERS7968270	Complete (Pept. C & allies)	1040.0	236.78958854393758	2.376192835409235	1
ERS8391558	Complete (Pept. C & allies)	832.0	21.49806917882285	1.3521452478462779	1
ERS8391589	Complete (Pept. C & allies)	1697.0	48.65963773372827	1.6960035470587256	1
ERS473148	Complete (Pept. C & allies)	4006.0	107.76881034505254	2.0365043784784453	1
ERS473232	Complete (Pept. C & allies)	111927.0	4339.888486730706	3.6375786293725487	1
ERS473214	Complete (Pept. C & allies)	1353.0	41.0944100485886	1.6242244272789494	1
ERS473348	Complete (Pept. C & allies)	9217.0	351.648053139488	2.5473414905821197	1
ERS473370	Complete (Pept. C & allies)	4390.0	213.88467182588326	2.332205437460463	1
ERS473049	Complete (Pept. C & allies)	30216.0	1059.3843180618398	3.025463296362481	2
ERS473368	Complete (Pept. C & allies)	155103.0	7258.929574300798	3.8609324078018985	1
ERS473406	Complete (Pept. C & allies)	9339.0	273.2583481683542	2.4381598559669686	1
ERS473126	Complete (Pept. C & allies)	1291.0	52.34406112229397	1.7270860757682582	1
ERS473194	Complete (Pept. C & allies)	1331.0	44.28511857315544	1.655955509223522	1
ERS473240	Complete (Pept. C & allies)	37502.0	1911.7950905579232	3.28166844843481	3
SRS4997784	Complete (Pept. C & allies)	27464.0	3245.0683562826057	3.5113576610366586	1
SRS4997678	Complete (Pept. C & allies)	1354.0	227.43493538345044	2.3587625228838953	1
SRS9547575	Complete (Pept. C & allies)	10008.0	1923.234723995255	3.28425804749297	1
SRS9553527	Complete (Pept. C & allies)	10770.0	1114.882249490772	3.047618369248132	1
SRS9547573	Complete (Pept. C & allies)	9946.0	1032.518198314917	3.0143181281410194	1
SRS12879525	Complete (Pept. C & allies)	1497.0	48.718011719334136	1.6965137523793499	1
SRS12879511	Complete (Pept. C & allies)	8197.0	337.8638079522267	2.5300251868781554	1
SRS12878983	Complete (Pept. C & allies)	6715.0	28.771149746087854	1.4737956071942397	1
SRS12879191	Complete (Pept. C & allies)	13711.0	778.162681347348	2.891628143468809	1
SRS12879475	Complete (Pept. C & allies)	3797.0	141.65292511425034	2.1542806813415236	1
SRS12879070	Complete (Pept. C & allies)	1021.0	40.22286223366339	1.615138142929133	1
SRS12879073	Complete (Pept. C & allies)	3494.0	152.92810711375247	2.187317928797468	1
SRS12878948	Complete (Pept. C & allies)	7569.0	467.82889811676773	2.671014373287014	1
ERS328838	Dual Cassette	24378.0	673.5426703289617	2.82900942754723	1
ERS328922	Dual Cassette	7176.0	139.95520107345794	2.149081105435211	2
ERS328937	Dual Cassette	152962.0	2011.153023024824	3.303661005473458	3
ERS328984	Dual Cassette	15263.0	225.14311183625264	2.354383363971989	1
SRS1993584	Dual Cassette	4003.0	195.0623829284599	2.292394276718701	1
SRS1994021	Dual Cassette	71345.0	3361.760379732616	3.5266959218886775	3
SRS3104845	Dual Cassette	4729.0	146.82966985182622	2.169761606993626	1
SRS3104968	Dual Cassette	7467.0	164.84259188186329	2.21969607653874	1
ERS848670	Dual Cassette	1711.0	56.99834015236912	1.763415564718421	1
ERS199120	Dual Cassette	23819.0	694.5507754699211	2.8423288391468993	1
ERS199286	Dual Cassette	15724.0	503.0025966501384	2.7024327739612426	1
ERS608605	Dual Cassette	4022.0	119.32879304384936	2.0803695605388812	1
SRS2440475	Dual Cassette	2470.0	355.0863240730558	2.551555294388492	1
SRS2444208	Dual Cassette	15350.0	2016.2585308423847	3.304761560742841	2
SRS2432887	Dual Cassette	30274.0	1952.49404122991	3.290812090828315	1
SRS2444472	Dual Cassette	7513.0	2614.036607646431	3.417477772892608	2
DRS091113	Dual Cassette	2147.0	78.92731492766976	1.9026952235580985	1
DRS087595	Dual Cassette	9118.0	476.1556121242024	2.678660036200851	1
DRS091140	Dual Cassette	15679.0	663.450082606496	2.8224623597515115	3
DRS090950	Dual Cassette	3721.0	87.10600742580469	1.9450055213851416	1
ERS1016028	Dual Cassette	13586.0	423.1412742451292	2.6275105367952536	2
ERS7968404	Dual Cassette	233347.0	272202.23597151844	5.434893283821836	3
ERS8391689	Dual Cassette	2952.0	85.22161372552982	1.9356161468585613	1
ERS8391272	Dual Cassette	13886.0	171.32559346995572	2.2363497828301333	1
ERS8391688	Dual Cassette	12568.0	472.61796016689493	2.675428163000087	2
ERS8391245	Dual Cassette	2692.0	124.24117464215472	2.09774713222988	1
SRS294827	Dual Cassette	143549.0	4344.1895553032045	3.6380087269357873	3
SRS294926	Dual Cassette	5343.0	174.11771315496637	2.24333007718788	1
SRS295015	Dual Cassette	8307.0	336.7664975753177	2.5286165705170043	1
SRS9553558	Dual Cassette	3627.0	509.783356831343	2.708236737937373	1
SRS12879345	Dual Cassette	9446.0	182.34772835385172	2.2632755334976102	1
ERS1647325	Incomplete	62118.0	3054.611695064603	3.4850981635798544	1
ERS235611	Incomplete	45799.0	3687.808146046833	3.5668860682710135	1
ERS436662	Incomplete	66601.0	2782.885344965007	3.4446513447767444	1
ERS436781	Incomplete	214805.0	8248.26420894594	3.9164152134898913	1
ERS972227	Incomplete	36860.0	982.0859633751743	2.9925914952351618	1
SRS3104923	Incomplete	1397.0	87.72255359411609	1.9480340330945958	1
ERS848664	Incomplete	7987.0	359.6767709555176	2.557118172895869	1
ERS848695	Incomplete	3484.0	126.75847366207049	2.106389714619938	1
ERS848701	Incomplete	11341.0	343.40824675782613	2.5370735419643635	1
ERS848731	Incomplete	186218.0	9188.207113945353	3.96327804012455	1
ERS848733	Incomplete	32145.0	1821.4884640480564	3.260664788009969	1
ERS1015824	Incomplete	19015.0	621.2714523660248	2.793979877532289	1
ERS1015828	Incomplete	134811.0	4621.750369804139	3.6649004420118008	1
ERS199261	Incomplete	21797.0	594.1049967808977	2.7745935968204334	1
ERS199260	Incomplete	30452.0	852.8085299224279	2.9313604892823304	1
ERS1066705	Incomplete	46184.0	1175.4305990616256	3.070566312018974	1
ERS1487563	Incomplete	3379.0	71.02708656518138	1.8574958482869675	1
DRS091374	Incomplete	7527.0	304.6978851853678	2.485292434291997	1
DRS091382	Incomplete	8849.0	375.23746522830584	2.5754620398368218	1
DRS090927	Incomplete	878.0	36.61530917771065	1.5753646358380944	1
DRS091147	Incomplete	96310.0	3574.0086041167783	3.553277091372328	1
DRS091043	Incomplete	17462.0	642.9015470025572	2.808819468505491	1
DRS091331	Incomplete	51988.0	1869.0437666789992	3.271851770924066	1
ERS7970368	Incomplete	609.0	484.766086433236	2.686427191430358	1
ERS7970451	Incomplete	910.0	1119.3070628275664	3.0493370739329815	1
ERS7970506	Incomplete	864.0	773.4325905157829	2.888983621138332	1
ERS8391600	Incomplete	104315.0	3697.774670943605	3.5680578749362293	1
ERS746769	Incomplete	11026.0	222.69229654510858	2.349651028238082	1
SRS259517	Incomplete	17583.0	850.3438372052196	2.930104996561834	1
SRS294824	Incomplete	1461.0	81.70406151393097	1.9175268378448824	1
SRS294972	Incomplete	3258.0	73.10093235101058	1.869823672383535	1
SRS294980	Incomplete	19923.0	992.6309743014552	2.9972251212368253	1
SRS295015	Incomplete	2922.0	118.45813240821937	2.0772157207647703	1
SRS12879358	Incomplete	23373.0	813.0420954605967	2.9106468635544966	1
SRS12879400	Incomplete	12045.0	649.4464769564044	2.813211565741835	1
