exposure_definition	lineage	label	comparison	n_case	n_control	case_positive	pct_case	case_ci_lower	case_ci_upper	control_positive	pct_control	control_ci_lower	control_ci_upper	k_total_studies	k_informative_studies	OR	CI_low	CI_high	mh_p	pm_or	pm_lower	pm_upper	pm_p	hk_or	hk_lower	hk_upper	hk_p	fixed_or	fixed_lower	fixed_upper	fixed_p	tau2	i2	q_stat	q_p	glm_or	glm_lower	glm_upper	glm_p	glm_status	firth_or	firth_lower	firth_upper	firth_p	firth_status	estimator	display_order
Any	G1_Pa_complete	G1: P. anaerobius (complete)	CRC_vs_Healthy	474	514	36	7.59493670886076	5.536213299846754	10.335464935832034	3	0.5836575875486382	0.1986906796963932	1.7017865132859074	7	6	15.429914353877049	4.313051503432683	55.20042057890923	8.958883612741887e-08	7.778745328008815	2.913470641490434	20.768659212253	4.235818103891803e-05	7.778745328008815	2.145591958938142	28.201484735226604	0.0094078187453693	7.778745328008815	2.913470641490434	20.768659212253	4.235818103891803e-05	0.0	0.0	0.7298802166714999	0.9812886197088314	15.045974585042824	4.504589437227633	50.2557123947531	1.0526472300401864e-05	ok	12.666088799994633	4.720689705614478	47.27128982815122	2.87487799097612e-09	ok	Mantel–Haenszel OR	0
Any	G2_PeptC_allies_complete	G2: PeptC & allies (complete)	CRC_vs_Healthy	474	514	7	1.4767932489451476	0.7171599084223983	3.0166012567821845	1	0.1945525291828793	0.034351557975983	1.0936884475494857	7	4	7.598380836705531	0.8845915411179768	65.2678537561482	0.0338163268377503	3.209267439681043	0.7731092536803322	13.322046593501966	0.1083512278496656	3.209267439681043	0.3181948404112319	32.36821026414533	0.2066998894673794	3.209267439681043	0.7731092536803322	13.322046593501966	0.1083512278496656	0.0	0.0	0.1398186146870546	0.9866640952623909	7.563224263900857	0.9194698349885896	62.212330507578336	0.0598483762261729	ok	5.370572475263052	1.1577959380613672	51.29614379200347	0.0301983421322627	ok	Mantel–Haenszel OR	1
Any	G3_Proteus_variant	G3: Proteus/Phytobacter (variant)	CRC_vs_Healthy	474	514	4	0.8438818565400843	0.3286445377143839	2.149470033992867	2	0.3891050583657587	0.1067715766014157	1.4074870226524694	7	3	1.9543919811470296	0.3647966262309237	10.470623194727402	0.4168438023102937	1.5894426071218302	0.3109326523585693	8.125000002961619	0.5777572544678502	1.5894426071218302	0.0442335026384855	57.11344683647543	0.6337322498844514	1.5894426071218302	0.3109326523585693	8.125000002961619	0.5777572544678502	0.0	0.0	1.918427221273101	0.3831941072910796	1.8790666977552333	0.3339012224210796	10.57465926303194	0.4742427236256965	ok	1.6910703509002556	0.3629642925298114	9.929685424635348	0.5063117686166596	ok	Mantel–Haenszel OR	2
Any	G4_Eubacterium_partial	G4: Eubacterium_M (partial)	CRC_vs_Healthy	474	514	4	0.8438818565400843	0.3286445377143839	2.149470033992867	6	1.1673151750972763	0.5360589821709684	2.523073991996581	7	5	0.5469543775215484	0.1471184113267596	2.0334578683393505	0.3708007850223773	0.6812761431903201	0.2055956369805342	2.2575244791027456	0.5300891392664155	0.6812761431903201	0.1248179870515062	3.718512004914413	0.5641525367275898	0.6812761431903201	0.2055956369805342	2.2575244791027456	0.5300891392664155	0.0	0.0	1.94240441496442	0.7463515125875115	0.540530837641201	0.1480287402768097	1.9737625672875527	0.3518460499105836	ok	0.5637275984505499	0.1521107718925774	1.910247281926619	0.3561956107203323	ok	Mantel–Haenszel OR	3
Dominant	G1_Pa_complete	G1: P. anaerobius (complete)	CRC_vs_Healthy	474	514	35	7.383966244725738	5.3569307868443135	10.096198584335363	3	0.5836575875486382	0.1986906796963932	1.7017865132859074	7	6	15.05476736515942	4.1996711306364425	53.96756397559203	1.3867374337728222e-07	7.677971107359011	2.8750973174431693	20.50408518966768	4.756213541265954e-05	7.677971107359011	2.1171880612993887	27.84412088988421	0.0096595962539956	7.677971107359011	2.8750973174431693	20.50408518966768	4.756213541265954e-05	0.0	0.0	0.6399691632287592	0.9861001894757104	14.629354898341418	4.373026815078368	48.94047848133094	1.331921570463802e-05	ok	12.31964156845002	4.582869394286985	46.0295720929369	5.355947012402845e-09	ok	Mantel–Haenszel OR	0
Dominant	G2_PeptC_allies_complete	G2: PeptC & allies (complete)	CRC_vs_Healthy	474	514	7	1.4767932489451476	0.7171599084223983	3.0166012567821845	1	0.1945525291828793	0.034351557975983	1.0936884475494857	7	4	7.598380836705531	0.8845915411179768	65.2678537561482	0.0338163268377503	3.209267439681043	0.7731092536803322	13.322046593501966	0.1083512278496656	3.209267439681043	0.3181948404112319	32.36821026414533	0.2066998894673794	3.209267439681043	0.7731092536803322	13.322046593501966	0.1083512278496656	0.0	0.0	0.1398186146870546	0.9866640952623909	7.563224263900857	0.9194698349885896	62.212330507578336	0.0598483762261729	ok	5.370572475263052	1.1577959380613672	51.29614379200347	0.0301983421322627	ok	Mantel–Haenszel OR	1
Dominant	G3_Proteus_variant	G3: Proteus/Phytobacter (variant)	CRC_vs_Healthy	474	514	4	0.8438818565400843	0.3286445377143839	2.149470033992867	2	0.3891050583657587	0.1067715766014157	1.4074870226524694	7	3	1.9543919811470296	0.3647966262309237	10.470623194727402	0.4168438023102937	1.5894426071218302	0.3109326523585693	8.125000002961619	0.5777572544678502	1.5894426071218302	0.0442335026384855	57.11344683647543	0.6337322498844514	1.5894426071218302	0.3109326523585693	8.125000002961619	0.5777572544678502	0.0	0.0	1.918427221273101	0.3831941072910796	1.8790666977552333	0.3339012224210796	10.57465926303194	0.4742427236256965	ok	1.6910703509002556	0.3629642925298114	9.929685424635348	0.5063117686166596	ok	Mantel–Haenszel OR	2
Dominant	G4_Eubacterium_partial	G4: Eubacterium_M (partial)	CRC_vs_Healthy	474	514	4	0.8438818565400843	0.3286445377143839	2.149470033992867	6	1.1673151750972763	0.5360589821709684	2.523073991996581	7	5	0.5469543775215484	0.1471184113267596	2.0334578683393505	0.3708007850223773	0.6812761431903201	0.2055956369805342	2.2575244791027456	0.5300891392664155	0.6812761431903201	0.1248179870515062	3.718512004914413	0.5641525367275898	0.6812761431903201	0.2055956369805342	2.2575244791027456	0.5300891392664155	0.0	0.0	1.94240441496442	0.7463515125875115	0.540530837641201	0.1480287402768097	1.9737625672875527	0.3518460499105836	ok	0.5637275984505499	0.1521107718925774	1.910247281926619	0.3561956107203323	ok	Mantel–Haenszel OR	3
Single	G1_Pa_complete	G1: P. anaerobius (complete)	CRC_vs_Healthy	473	514	35	7.399577167019028	5.368359359115769	10.1171772809482	3	0.5836575875486382	0.1986906796963932	1.7017865132859074	7	6	15.085267120339717	4.211109588281685	54.03926906230405	1.3104323182133726e-07	7.692492041853426	2.880514466955055	20.54300872042855	4.680465354782034e-05	7.692492041853426	2.121172514550502	27.897039683506343	0.0096241624992188	7.692492041853426	2.880514466955055	20.54300872042855	4.680465354782034e-05	0.0	0.0	0.6526319531584619	0.9854668641898996	14.702244866140628	4.395147495213586	49.1806030035072	1.2821236290451784e-05	ok	12.380184003627248	4.605663815820589	46.25305123116853	4.920253223107182e-09	ok	Mantel–Haenszel OR	0
Single	G2_PeptC_allies_complete	G2: PeptC & allies (complete)	CRC_vs_Healthy	473	514	7	1.4799154334038054	0.7186799123672973	3.022911446911515	1	0.1945525291828793	0.034351557975983	1.0936884475494857	7	4	7.605931385853824	0.8858578534982284	65.30414785833578	0.0336372555053081	3.21812659241198	0.7752354949875452	13.358958447788211	0.1075217753879703	3.21812659241198	0.3190679218433572	32.45810078605605	0.2058969690907733	3.21812659241198	0.7752354949875452	13.358958447788211	0.1075217753879703	0.0	0.0	0.1359475365337163	0.9871993395923894	7.582303603579956	0.9218170836404288	62.367392574042526	0.0595272059830062	ok	5.383844584354758	1.1607337405603142	51.42162884116066	0.0299238206734467	ok	Mantel–Haenszel OR	1
Single	G3_Proteus_variant	G3: Proteus/Phytobacter (variant)	CRC_vs_Healthy	473	514	4	0.8456659619450317	0.3293403567749369	2.1539711509911803	2	0.3891050583657587	0.1067715766014157	1.4074870226524694	7	3	1.9608550363691748	0.365531836971231	10.518789568408984	0.4153214776818894	1.5951740307694289	0.3120491866125894	8.154420192738062	0.5748094430752804	1.5951740307694289	0.044391547883311	57.32127645402112	0.6312756206636184	1.5951740307694289	0.3120491866125894	8.154420192738062	0.5748094430752804	0.0	0.0	1.8987957483441835	0.3869739603350532	1.880612593835938	0.3342324786277217	10.581568082836204	0.4736233616420959	ok	1.692397154403758	0.3633345225446194	9.936162853913435	0.505607917549185	ok	Mantel–Haenszel OR	2
Single	G4_Eubacterium_partial	G4: Eubacterium_M (partial)	CRC_vs_Healthy	473	514	3	0.6342494714587738	0.2159316947420584	1.84795319585316	6	1.1673151750972763	0.5360589821709684	2.523073991996581	7	5	0.4166486555104089	0.0996854576965622	1.7414385824163996	0.2248306361541751	0.5621620718176812	0.1623717537287586	1.9463126297094036	0.363348886629259	0.5621620718176812	0.0967925301127308	3.2649853725518185	0.4147654520070141	0.5621620718176812	0.1623717537287586	1.9463126297094036	0.363348886629259	0.0	0.0	1.6026073146386484	0.8083234424512372	0.4047911846253457	0.0983707922036471	1.6656966918714684	0.2101891453980722	ok	0.4382040476378454	0.1019482887498581	1.585965315156403	0.2106329721031202	ok	Mantel–Haenszel OR	3
