candidate_id	genome_id	species	phylum	island_type	n_positive_samples	prevalence	prev_pct	ci_lower_pct	ci_upper_pct	mean_cpm_pos	log10_mean_cpm_pos	median_cpm_pos	n_dominant
UHGG_C07	GUT_GENOME003569	Peptostreptococcus anaerobius	Bacillota	Type 1 (Full IPA)	198	0.016179114234352	1.617911423435202	1.409087482206168	1.857099718189192	1428.5269629610111	3.155192351197855	273.8678717402189	178
UHGG_C04	GUT_GENOME000611	Peptoniphilus_C sp902363535	Bacillota	Type 1 (Full IPA)	145	0.0118483412322274	1.1848341232227488	1.0078661641851518	1.392438232903495	3202.3293660844033	3.505601595085599	1904.8442072917114	126
UHGG_C11	GUT_GENOME031326	Eubacterium_M sp900540015	Bacillota	Type 1 (Partial IPA)	35	0.0028599444353652	0.2859944435365256	0.2057189718706812	0.3974701730719585	1579.9575374489327	3.198920205479794	773.4325905157829	34
UHGG_C19	GUT_GENOME098791	Proteus cibarius	Pseudomonadota	Type 1 (Full IPA)	19	0.0015525412649125	0.1552541264912567	0.0994185919234109	0.2423719708889004	4260.5145502732	3.629563975611557	336.7664975753177	17
UHGG_C28	GUT_GENOME145984	Proteus vulgaris	Pseudomonadota	Type 1 (Full IPA)	17	0.0013891158686059	0.1389115868605981	0.086751075434127	0.2223646646118932	9864.681790273386	3.9941271035286112	225.14311183625264	13
UHGG_C26	GUT_GENOME142612	Proteus sp001722135	Pseudomonadota	Type 1 (Full IPA)	9	0.0007354142833796	0.0735414283379637	0.0386962184061496	0.1397202305747065	5193.4422236143255	3.7155389200911317	599.3015647186523	0
UHGG_C14	GUT_GENOME095982	Clostridium_F botulinum_A	Bacillota	Type 1 (Full IPA)	8	0.0006537015852263	0.0653701585226344	0.0331282787889456	0.1289507588087649	2373.8923613264033	3.3756439306171653	923.5426650335087	7
UHGG_C23	GUT_GENOME141698	Clostridium_F botulinum	Bacillota	Type 1 (Full IPA)	3	0.0002451380944598	0.0245138094459879	0.0083372496994914	0.0720547309824916	284.7485695878159	2.4559840650632134	327.23568254317064	0
UHGG_C17	GUT_GENOME097942	Peptostreptococcus russellii_A	Bacillota	Type 1 (Full IPA)	2	0.0001634253963065	0.0163425396306586	0.0044818282360015	0.0595727410628359	610.5813447232506	2.786454229507914	610.5813447232506	2
UHGG_C31	GUT_GENOME207305	Clostridium_F tepidum	Bacillota	Type 1 (Full IPA)	1	8.171269815329302e-05	0.0081712698153293	0.0014424443303078	0.0462747135853841	946.7723967212883	2.976704055992211	946.7723967212883	1
UHGG_C32	GUT_GENOME231559	Phytobacter sp002377245	Pseudomonadota	Type 1 (Full IPA)	1	8.171269815329302e-05	0.0081712698153293	0.0014424443303078	0.0462747135853841	171.32559346995572	2.2363497828301333	171.32559346995572	1
UHGG_C16	GUT_GENOME096493	Clostridium_F niameyense	Bacillota	Type 1 (Full IPA)	0	0.0	0.0	0.0	0.0313797465325464	0.0	0.0	0.0	0
UHGG_C18	GUT_GENOME098616	Peptostreptococcus russellii	Bacillota	Type 1 (Full IPA)	0	0.0	0.0	0.0	0.0313797465325464	0.0	0.0	0.0	0
UHGG_C20	GUT_GENOME140352	Leminorella grimontii	Pseudomonadota	Type 1 (Full IPA)	0	0.0	0.0	0.0	0.0313797465325464	0.0	0.0	0.0	0
