country	n_samples	n_positives	mean_cpm	prevalence_percent	continent
United States of America	3366	90	67.67740214324714	2.6737967914438503	Other
China	1371	48	31.059579481338023	3.50109409190372	Asia
Denmark	773	9	6.477769544136557	1.1642949547218628	Europe
Spain	750	45	146.15901414412298	6.0	Europe
Japan	592	27	30.270643731346766	4.5608108108108105	Asia
Israel	553	18	8.900826619689527	3.25497287522604	Asia
Argentina	547	30	757.7020065769583	5.484460694698354	Other
United Kingdom	540	35	330.040821662303	6.481481481481481	Europe
Netherlands	469	4	0.8774314048635161	0.8528784648187633	Europe
Guinea-Bissau	340	15	25.82488351119727	4.411764705882353	Other
Russia	280	1	28.476876657622892	0.35714285714285715	Europe
Finland	278	2	3.0250940221531564	0.7194244604316548	Europe
Germany	262	2	13.387914262781564	0.7633587786259541	Europe
Italy	205	11	15.337197980840534	5.365853658536586	Europe
Sweden	199	2	20.042977645416794	1.0050251256281406	Europe
Estonia	173	1	4.072751096775232	0.5780346820809248	Europe
France	138	8	212.30043772473184	5.797101449275362	Europe
Congo	120	0	0.0	0.0	Africa
Madagascar	112	2	1.8774089358857335	1.7857142857142856	Africa
India	110	0	0.0	0.0	Asia
Mozambique	104	3	18.792486245302488	2.8846153846153846	Other
United Republic of Tanzania	95	1	0.48788059499744696	1.0526315789473684	Other
Luxembourg	94	2	0.5150895480131878	2.127659574468085	Other
Burkina Faso	90	0	0.0	0.0	Other
New Zealand	80	1	5.593360807650837	1.25	Other
Austria	72	9	49.11197715039747	12.5	Europe
South Africa	71	3	67.60615952592136	4.225352112676056	Africa
Mongolia	68	0	0.0	0.0	Asia
Philippines	62	1	53.014373648682195	1.6129032258064515	Other
South Korea	60	1	4.531883286785185	1.6666666666666667	Asia
Ethiopia	49	0	0.0	0.0	Africa
Ghana	43	0	0.0	0.0	Africa
Peru	36	0	0.0	0.0	South America
Bangladesh	28	8	1652.5044352950465	28.57142857142857	Other
Norway	25	0	0.0	0.0	Europe
Australia	24	0	0.0	0.0	Oceania
Colombia	24	0	0.0	0.0	South America
Bulgaria	9	0	0.0	0.0	Other
Serbia	9	0	0.0	0.0	Other
Brazil	8	0	0.0	0.0	South America
Romania	3	0	0.0	0.0	Other
Poland	3	0	0.0	0.0	Europe
Belgium	1	0	0.0	0.0	Europe
Iceland	1	0	0.0	0.0	Europe
Canada	1	0	0.0	0.0	North America
