genome_id	final_taxonomy_label	tier	meta_beta	meta_q	k	sign_concordance_x	I2	healthy_meta_beta	healthy_meta_q	fastspar_full_r	fastspar_full_q	fastspar_healthy_r	fastspar_g2_r	fastspar_all14_r	ml_mean_coef	ml_sign_stability	all_core_criteria_pass	priority_order	effect_magnitude	pooled_beta	pooled_se	ci_low	ci_high	q_value	k_informative_studies	sign_concordance_y
GUT_GENOME283627	Copromonas sp. (GUT_GENOME283627)	Core Co-excluder	-1.5978938075896856	0.0004213646958344	19	0.8947368421052632	29.648236276636357	-1.50713115952618	0.2748432167176849	-0.1401	0.0011146540027137	-0.1468	-0.141	-0.1401	-0.2222476601600647	1.0	True	0	1.5978938075896856	-1.5978938075896856	0.3451796067897436	-2.2744458368975837	-0.921341778281788	0.0004213646958344	19	0.8947368421052632
GUT_GENOME014039	Faecalibacterium sp. (GUT_GENOME014039)	Core Co-excluder	-0.7658423702693746	0.0071576829208806	20	0.75	0.0	-1.2818416497191447	0.2092775216974069	-0.2152	0.0011146540027137	-0.2445	-0.2371	-0.2152	-0.0975201502442359	1.0	True	0	0.7658423702693746	-0.7658423702693746	0.1969358573790919	-1.1518366507323947	-0.3798480898063545	0.0071576829208806	20	0.75
GUT_GENOME140074	Faecalibacterium prausnitzii_D	Supported Co-excluder	-0.6740778968999763	0.0490409099896127	20	0.65	0.0	-1.573405460632861	0.2496131578855943	-0.2048	0.0011146540027137	-0.2365	-0.225	-0.2048	-0.0928602591156959	1.0	False	1	0.6740778968999763	-0.6740778968999763	0.2077327921560279	-1.0812341695257912	-0.2669216242741615	0.0490409099896127	20	0.65
GUT_GENOME062382	Dialister sp900541485	Core Co-colonizer	3.351573079531235	1.5376022014734758e-05	10	0.9	96.99107786257436	2.5266754184061475	0.3059758724680262	0.3514	0.0011146540027137	0.3432	0.3524	0.3514	0.390345960855484	1.0	True	2	3.351573079531235	3.351573079531235	0.6275904832434428	2.121495732374087	4.581650426688383	1.5376022014734758e-05	10	0.9
GUT_GENOME244171	Prevotella timonensis	Core Co-colonizer	3.1448206356617927	5.4275330896302876e-09	11	1.0	89.50268372378044	4.382292718146541	2.233444209043256e-05	0.3062	0.0011146540027137	0.3059	0.3082	0.3062	0.2017426341772079	1.0	True	2	3.1448206356617927	3.1448206356617927	0.4589549054340878	2.2452690210109805	4.0443722503126045	5.4275330896302876e-09	11	1.0
GUT_GENOME239710	Prevotella disiens	Core Co-colonizer	2.9408640160756345	0.0001508525830073	9	1.0	94.28416933468714	3.0921688554310824	0.012986615965291	0.2983	0.0011146540027137	0.3103	0.3015	0.2983	0.4093753695487976	1.0	True	2	2.9408640160756345	2.9408640160756345	0.6036564030063746	1.7576974661831404	4.124030565968129	0.0001508525830073	9	1.0
GUT_GENOME027309	Prevotella sp. (GUT_GENOME027309)	Core Co-colonizer	2.7614807141081585	0.0490409099896127	8	1.0	97.36786314129915	4.075189621021834	0.0325629587413842	0.3358	0.0011146540027137	0.3282	0.36	0.3358	0.2471382766962051	1.0	True	2	2.7614807141081585	2.7614807141081585	0.8515527088833943	1.0924374046967058	4.430524023519611	0.0490409099896127	8	1.0
GUT_GENOME230645	Prevotella corporis	Core Co-colonizer	2.18831942991835	0.0057188642495722	10	0.9	91.71965920773457	4.517015801515278	0.0150088635012293	0.2497	0.0011146540027137	0.2566	0.2675	0.2497	0.2997021675109863	1.0	True	2	2.18831942991835	2.18831942991835	0.5533594413424799	1.1037349248870896	3.2729039349496105	0.0057188642495722	10	0.9
GUT_GENOME140603	Anaerococcus obesiensis	Supported Co-colonizer	4.322228243360563	0.0001508525830073	6	1.0	98.25866098879428			0.4188	0.0011146540027137	0.4093	0.3986	0.4188	0.830919086933136	1.0	False	3	4.322228243360563	4.322228243360563	0.8905467629942203	2.576756587891891	6.067699898829234	0.0001508525830073	6	1.0
GUT_GENOME098331	Allisonella pneumosinta	Supported Co-colonizer	2.6282005126688173	0.0018500435076205	8	1.0	87.90066754728781			0.2589	0.0011146540027137	0.282	0.2162	0.2589	0.2999495267868042	1.0	False	3	2.6282005126688173	2.6282005126688173	0.6159813783948861	1.4208770110148403	3.835524014322794	0.0018500435076205	8	1.0
