genome_id	final_taxonomy_label	tier	meta_beta	sign_concordance	study	beta_s1	se_s1	ci_low	ci_high	covariates_used
GUT_GENOME283627	Copromonas sp. (GUT_GENOME283627)	Core Co-excluder	-1.5978938075896856	0.8947368421052632	DRP004793	-1.5832525083466615	1.0043903270529695	-3.551857549370482	0.3853525326771589	Intercept;S1_status;log10_depth;health_state_diseased;disease_CRC;age_Elderly
GUT_GENOME283627	Copromonas sp. (GUT_GENOME283627)	Core Co-excluder	-1.5978938075896856	0.8947368421052632	ERP002061	-2.876321330247767	1.2250738249583633	-5.277466027166159	-0.475176633329375	Intercept;S1_status;log10_depth;health_state_diseased;age_Elderly
GUT_GENOME283627	Copromonas sp. (GUT_GENOME283627)	Core Co-excluder	-1.5978938075896856	0.8947368421052632	ERP004605	1.4206624330528943	1.5273482915285106	-1.5729402183429866	4.414265084448775	Intercept;S1_status;log10_depth
GUT_GENOME283627	Copromonas sp. (GUT_GENOME283627)	Core Co-excluder	-1.5978938075896856	0.8947368421052632	ERP005534	-1.0992396706955252	1.8402760948426904	-4.706180816587198	2.5077014751961477	Intercept;S1_status;log10_depth;health_state_diseased;disease_CRC;age_Elderly
GUT_GENOME283627	Copromonas sp. (GUT_GENOME283627)	Core Co-excluder	-1.5978938075896856	0.8947368421052632	ERP005989	-0.9407492543531468	0.6879052593217864	-2.2890435626238483	0.4075450539175544	Intercept;S1_status;log10_depth;age_Infant
GUT_GENOME283627	Copromonas sp. (GUT_GENOME283627)	Core Co-excluder	-1.5978938075896856	0.8947368421052632	ERP006678	-5.6387711315276485	1.4256536750919608	-8.433052334707892	-2.844489928347405	Intercept;S1_status;log10_depth;health_state_diseased;age_Elderly
GUT_GENOME283627	Copromonas sp. (GUT_GENOME283627)	Core Co-excluder	-1.5978938075896856	0.8947368421052632	ERP008729	-1.0126991208837846	1.5160088651549917	-3.984076496587568	1.958678254819999	Intercept;S1_status;log10_depth;disease_CRC;age_Elderly
GUT_GENOME283627	Copromonas sp. (GUT_GENOME283627)	Core Co-excluder	-1.5978938075896856	0.8947368421052632	ERP010700	-1.6546944278587468	2.018652080282237	-5.611252505211931	2.3018636494944382	Intercept;S1_status;log10_depth;health_state_diseased;age_Elderly
GUT_GENOME283627	Copromonas sp. (GUT_GENOME283627)	Core Co-excluder	-1.5978938075896856	0.8947368421052632	ERP012177	-2.221399431669609	1.2751216801561418	-4.720637924775646	0.277839061436429	Intercept;S1_status;log10_depth;health_state_diseased;disease_CRC;age_Elderly
GUT_GENOME283627	Copromonas sp. (GUT_GENOME283627)	Core Co-excluder	-1.5978938075896856	0.8947368421052632	ERP012929	-3.5140024331389004	0.8274316152785479	-5.135768399084855	-1.8922364671929464	Intercept;S1_status;log10_depth
GUT_GENOME283627	Copromonas sp. (GUT_GENOME283627)	Core Co-excluder	-1.5978938075896856	0.8947368421052632	ERP013562	-0.3247489018001444	1.3572723080229772	-2.98500262552518	2.3355048219248906	Intercept;S1_status;log10_depth;health_state_diseased
GUT_GENOME283627	Copromonas sp. (GUT_GENOME283627)	Core Co-excluder	-1.5978938075896856	0.8947368421052632	ERP129957	-0.7799184776709743	0.8144352012514622	-2.37621147212384	0.8163745167818915	Intercept;S1_status;log10_depth;age_Child;age_Elderly;age_Infant;age_Teenager
GUT_GENOME283627	Copromonas sp. (GUT_GENOME283627)	Core Co-excluder	-1.5978938075896856	0.8947368421052632	SRP008047	-1.605517835061634	1.9976601099202775	-5.5209316505053785	2.30989598038211	Intercept;S1_status;log10_depth;health_state_diseased;age_Elderly
GUT_GENOME283627	Copromonas sp. (GUT_GENOME283627)	Core Co-excluder	-1.5978938075896856	0.8947368421052632	SRP090628	-2.727194092106264	1.7645331237545596	-6.185679014665201	0.7312908304526728	Intercept;S1_status;log10_depth;health_state_diseased
GUT_GENOME283627	Copromonas sp. (GUT_GENOME283627)	Core Co-excluder	-1.5978938075896856	0.8947368421052632	SRP095580	-1.5007524499109697	1.8924776862487769	-5.210008714958572	2.2085038151366323	Intercept;S1_status;log10_depth;health_state_diseased;age_Elderly;age_Teenager
GUT_GENOME283627	Copromonas sp. (GUT_GENOME283627)	Core Co-excluder	-1.5978938075896856	0.8947368421052632	SRP115494	-1.781099221760067	0.9889966035218022	-3.7195325646627992	0.1573341211426653	Intercept;S1_status;log10_depth;health_state_diseased;age_Child;age_Elderly;age_Teenager
GUT_GENOME283627	Copromonas sp. (GUT_GENOME283627)	Core Co-excluder	-1.5978938075896856	0.8947368421052632	SRP136711	-2.5271048536452265	1.807884833895752	-6.0705591280809	1.016349420790447	Intercept;S1_status;log10_depth;health_state_diseased;disease_CRC;age_Elderly
GUT_GENOME283627	Copromonas sp. (GUT_GENOME283627)	Core Co-excluder	-1.5978938075896856	0.8947368421052632	SRP329141	0.4525011477909971	1.4309569935812856	-2.3521745596283226	3.2571768552103166	Intercept;S1_status;log10_depth
GUT_GENOME283627	Copromonas sp. (GUT_GENOME283627)	Core Co-excluder	-1.5978938075896856	0.8947368421052632	SRP373424	-0.3500088504890231	1.1547653978191943	-2.6133490302146445	1.9133313292365983	Intercept;S1_status;log10_depth;health_state_diseased;age_Elderly
GUT_GENOME014039	Faecalibacterium sp. (GUT_GENOME014039)	Core Co-excluder	-0.7658423702693746	0.75	DRP004793	-0.6406360118419288	1.101798814264913	-2.8001616878011597	1.5188896641173015	Intercept;S1_status;log10_depth;health_state_diseased;disease_CRC;age_Elderly
GUT_GENOME014039	Faecalibacterium sp. (GUT_GENOME014039)	Core Co-excluder	-0.7658423702693746	0.75	ERP002061	0.0748001124730958	0.8190802251154067	-1.5305971287531013	1.680197353699293	Intercept;S1_status;log10_depth;health_state_diseased;age_Elderly
GUT_GENOME014039	Faecalibacterium sp. (GUT_GENOME014039)	Core Co-excluder	-0.7658423702693746	0.75	ERP004605	-0.5906166733472787	1.4461507191975194	-3.4250720829744163	2.243838736279859	Intercept;S1_status;log10_depth
GUT_GENOME014039	Faecalibacterium sp. (GUT_GENOME014039)	Core Co-excluder	-0.7658423702693746	0.75	ERP005534	-0.6802150209757158	1.3259392716317222	-3.279055993373891	1.9186259514224595	Intercept;S1_status;log10_depth;health_state_diseased;disease_CRC;age_Elderly
GUT_GENOME014039	Faecalibacterium sp. (GUT_GENOME014039)	Core Co-excluder	-0.7658423702693746	0.75	ERP005989	-0.6227323876720847	0.6195117361943365	-1.836975390612984	0.5915106152688148	Intercept;S1_status;log10_depth;age_Infant
GUT_GENOME014039	Faecalibacterium sp. (GUT_GENOME014039)	Core Co-excluder	-0.7658423702693746	0.75	ERP006678	-0.679899241197312	1.090916056558907	-2.81809471205277	1.4582962296581456	Intercept;S1_status;log10_depth;health_state_diseased;age_Elderly
GUT_GENOME014039	Faecalibacterium sp. (GUT_GENOME014039)	Core Co-excluder	-0.7658423702693746	0.75	ERP008729	-0.6785481106416306	1.2855325017280128	-3.198191814028536	1.8410955927452743	Intercept;S1_status;log10_depth;disease_CRC;age_Elderly
GUT_GENOME014039	Faecalibacterium sp. (GUT_GENOME014039)	Core Co-excluder	-0.7658423702693746	0.75	ERP010700	0.8557483898544979	1.3053263578692451	-1.7026912715692228	3.4141880512782183	Intercept;S1_status;log10_depth;health_state_diseased;age_Elderly
GUT_GENOME014039	Faecalibacterium sp. (GUT_GENOME014039)	Core Co-excluder	-0.7658423702693746	0.75	ERP012177	1.0093922982233747	1.3913372848705017	-1.7176287801228087	3.7364133765695584	Intercept;S1_status;log10_depth;health_state_diseased;disease_CRC;age_Elderly
GUT_GENOME014039	Faecalibacterium sp. (GUT_GENOME014039)	Core Co-excluder	-0.7658423702693746	0.75	ERP012929	-0.9430504864438518	0.4508299826240891	-1.8266772523870665	-0.0594237205006372	Intercept;S1_status;log10_depth
GUT_GENOME014039	Faecalibacterium sp. (GUT_GENOME014039)	Core Co-excluder	-0.7658423702693746	0.75	ERP013562	-2.1517535194822592	1.618760220876596	-5.324523552400388	1.0210165134358689	Intercept;S1_status;log10_depth;health_state_diseased
GUT_GENOME014039	Faecalibacterium sp. (GUT_GENOME014039)	Core Co-excluder	-0.7658423702693746	0.75	ERP115476	-1.2144942253572582	0.3705624558427918	-1.9407966388091304	-0.4881918119053862	Intercept;S1_status;log10_depth;health_state_diseased;age_Elderly
GUT_GENOME014039	Faecalibacterium sp. (GUT_GENOME014039)	Core Co-excluder	-0.7658423702693746	0.75	ERP129957	-0.0261914323409288	0.8640342098818375	-1.7196984837093303	1.6673156190274727	Intercept;S1_status;log10_depth;age_Child;age_Elderly;age_Infant;age_Teenager
GUT_GENOME014039	Faecalibacterium sp. (GUT_GENOME014039)	Core Co-excluder	-0.7658423702693746	0.75	SRP008047	1.404970447020503	2.171977056481251	-2.852104583682749	5.662045477723755	Intercept;S1_status;log10_depth;health_state_diseased;age_Elderly
GUT_GENOME014039	Faecalibacterium sp. (GUT_GENOME014039)	Core Co-excluder	-0.7658423702693746	0.75	SRP090628	-2.691289014236945	2.225853005075881	-7.053960904185672	1.6713828757117817	Intercept;S1_status;log10_depth;health_state_diseased
GUT_GENOME014039	Faecalibacterium sp. (GUT_GENOME014039)	Core Co-excluder	-0.7658423702693746	0.75	SRP095580	-1.9260357462091875	1.0880915972202532	-4.058695276760884	0.2066237843425087	Intercept;S1_status;log10_depth;health_state_diseased;age_Elderly;age_Teenager
GUT_GENOME014039	Faecalibacterium sp. (GUT_GENOME014039)	Core Co-excluder	-0.7658423702693746	0.75	SRP115494	-0.4024182053468623	1.0584285991070033	-2.4769382595965883	1.6721018489028638	Intercept;S1_status;log10_depth;health_state_diseased;age_Child;age_Elderly;age_Teenager
GUT_GENOME014039	Faecalibacterium sp. (GUT_GENOME014039)	Core Co-excluder	-0.7658423702693746	0.75	SRP136711	0.453334754438714	1.5838247371474796	-2.650961730370346	3.5576312392477742	Intercept;S1_status;log10_depth;health_state_diseased;disease_CRC;age_Elderly
GUT_GENOME014039	Faecalibacterium sp. (GUT_GENOME014039)	Core Co-excluder	-0.7658423702693746	0.75	SRP329141	-1.410295901448062	1.887970690371098	-5.110718454575414	2.29012665167929	Intercept;S1_status;log10_depth
GUT_GENOME014039	Faecalibacterium sp. (GUT_GENOME014039)	Core Co-excluder	-0.7658423702693746	0.75	SRP373424	-0.5699400670399993	1.3942807879110737	-3.302730411345704	2.162850277265705	Intercept;S1_status;log10_depth;health_state_diseased;age_Elderly
GUT_GENOME140074	Faecalibacterium prausnitzii_D	Supported Co-excluder	-0.6740778968999763	0.65	DRP004793	-0.8220164255985702	1.23108024330459	-3.2349337024755664	1.590900851278426	Intercept;S1_status;log10_depth;health_state_diseased;disease_CRC;age_Elderly
GUT_GENOME140074	Faecalibacterium prausnitzii_D	Supported Co-excluder	-0.6740778968999763	0.65	ERP002061	0.0813986258376021	0.8516160496527121	-1.587768831481713	1.750566083156918	Intercept;S1_status;log10_depth;health_state_diseased;age_Elderly
GUT_GENOME140074	Faecalibacterium prausnitzii_D	Supported Co-excluder	-0.6740778968999763	0.65	ERP004605	-0.8459183831495244	1.5499901839995371	-3.883899143788617	2.1920623774895684	Intercept;S1_status;log10_depth
GUT_GENOME140074	Faecalibacterium prausnitzii_D	Supported Co-excluder	-0.6740778968999763	0.65	ERP005534	1.5190676482290604	1.352973372923334	-1.132760162700674	4.170895459158794	Intercept;S1_status;log10_depth;health_state_diseased;disease_CRC;age_Elderly
GUT_GENOME140074	Faecalibacterium prausnitzii_D	Supported Co-excluder	-0.6740778968999763	0.65	ERP005989	-0.8031321744996562	0.7004721549507323	-2.176057598203092	0.5697932492037792	Intercept;S1_status;log10_depth;age_Infant
GUT_GENOME140074	Faecalibacterium prausnitzii_D	Supported Co-excluder	-0.6740778968999763	0.65	ERP006678	-0.6631665398150579	1.1890704902561418	-2.993744700717096	1.66741162108698	Intercept;S1_status;log10_depth;health_state_diseased;age_Elderly
GUT_GENOME140074	Faecalibacterium prausnitzii_D	Supported Co-excluder	-0.6740778968999763	0.65	ERP008729	0.3582303151378677	1.3437283258479469	-2.275477203524108	2.991937833799843	Intercept;S1_status;log10_depth;disease_CRC;age_Elderly
GUT_GENOME140074	Faecalibacterium prausnitzii_D	Supported Co-excluder	-0.6740778968999763	0.65	ERP010700	0.8134074415379465	1.2834771474880609	-1.7022077675386529	3.329022650614545	Intercept;S1_status;log10_depth;health_state_diseased;age_Elderly
GUT_GENOME140074	Faecalibacterium prausnitzii_D	Supported Co-excluder	-0.6740778968999763	0.65	ERP012177	0.6050406841738027	1.4418107366448878	-2.2209083596501773	3.430989727997783	Intercept;S1_status;log10_depth;health_state_diseased;disease_CRC;age_Elderly
GUT_GENOME140074	Faecalibacterium prausnitzii_D	Supported Co-excluder	-0.6740778968999763	0.65	ERP012929	-0.1505542423787854	0.425542774721988	-0.984618080833882	0.6835095960763111	Intercept;S1_status;log10_depth
GUT_GENOME140074	Faecalibacterium prausnitzii_D	Supported Co-excluder	-0.6740778968999763	0.65	ERP013562	-1.0901341820718669	1.693524096305686	-4.409441410831011	2.229173046687278	Intercept;S1_status;log10_depth;health_state_diseased
GUT_GENOME140074	Faecalibacterium prausnitzii_D	Supported Co-excluder	-0.6740778968999763	0.65	ERP115476	-1.669426401330646	0.4149358805165433	-2.482700727143071	-0.8561520755182213	Intercept;S1_status;log10_depth;health_state_diseased;age_Elderly
GUT_GENOME140074	Faecalibacterium prausnitzii_D	Supported Co-excluder	-0.6740778968999763	0.65	ERP129957	-0.3519855700917783	0.9405948694031144	-2.1955515141218824	1.4915803739383255	Intercept;S1_status;log10_depth;age_Child;age_Elderly;age_Infant;age_Teenager
GUT_GENOME140074	Faecalibacterium prausnitzii_D	Supported Co-excluder	-0.6740778968999763	0.65	SRP008047	1.6564236525924227	2.404098199325704	-3.055608818085957	6.368456123270804	Intercept;S1_status;log10_depth;health_state_diseased;age_Elderly
GUT_GENOME140074	Faecalibacterium prausnitzii_D	Supported Co-excluder	-0.6740778968999763	0.65	SRP090628	-3.2325099593568214	2.5244117319937733	-8.180356954064617	1.715337035350974	Intercept;S1_status;log10_depth;health_state_diseased
GUT_GENOME140074	Faecalibacterium prausnitzii_D	Supported Co-excluder	-0.6740778968999763	0.65	SRP095580	-2.278822443814424	1.1081881145033592	-4.450871148241007	-0.1067737393878394	Intercept;S1_status;log10_depth;health_state_diseased;age_Elderly;age_Teenager
GUT_GENOME140074	Faecalibacterium prausnitzii_D	Supported Co-excluder	-0.6740778968999763	0.65	SRP115494	-0.3888287327642657	1.181087237114521	-2.703759717508727	1.9261022519801951	Intercept;S1_status;log10_depth;health_state_diseased;age_Child;age_Elderly;age_Teenager
GUT_GENOME140074	Faecalibacterium prausnitzii_D	Supported Co-excluder	-0.6740778968999763	0.65	SRP136711	0.1812171447495458	1.663349694482551	-3.078948256436254	3.4413825459353458	Intercept;S1_status;log10_depth;health_state_diseased;disease_CRC;age_Elderly
GUT_GENOME140074	Faecalibacterium prausnitzii_D	Supported Co-excluder	-0.6740778968999763	0.65	SRP329141	-1.240260905756341	2.036073331561564	-5.230964635617005	2.750442824104324	Intercept;S1_status;log10_depth
GUT_GENOME140074	Faecalibacterium prausnitzii_D	Supported Co-excluder	-0.6740778968999763	0.65	SRP373424	-1.2724445720274826	1.397705254127369	-4.011946870117125	1.46705772606216	Intercept;S1_status;log10_depth;health_state_diseased;age_Elderly
GUT_GENOME062382	Dialister sp900541485	Core Co-colonizer	3.351573079531235	0.9	ERP005989	1.6449751801949135	0.4327118952420514	0.7968598655204929	2.4930904948693344	Intercept;S1_status;log10_depth;age_Infant
GUT_GENOME062382	Dialister sp900541485	Core Co-colonizer	3.351573079531235	0.9	ERP006678	4.741710293386113	0.7629866291031413	3.2462565003439563	6.23716408642827	Intercept;S1_status;log10_depth;health_state_diseased;age_Elderly
GUT_GENOME062382	Dialister sp900541485	Core Co-colonizer	3.351573079531235	0.9	ERP010700	3.2678982896669924	0.9479128181945132	1.4099891660057464	5.125807413328238	Intercept;S1_status;log10_depth;health_state_diseased;age_Elderly
GUT_GENOME062382	Dialister sp900541485	Core Co-colonizer	3.351573079531235	0.9	ERP012929	3.408069458934816	0.2579822919075048	2.902424166796106	3.913714751073525	Intercept;S1_status;log10_depth
GUT_GENOME062382	Dialister sp900541485	Core Co-colonizer	3.351573079531235	0.9	ERP115476	5.368703909836537	0.124617989125491	5.124452651150574	5.612955168522499	Intercept;S1_status;log10_depth;health_state_diseased;age_Elderly
GUT_GENOME062382	Dialister sp900541485	Core Co-colonizer	3.351573079531235	0.9	ERP129957	1.5784365246208152	0.2779429364269641	1.0336683692239654	2.1232046800176647	Intercept;S1_status;log10_depth;age_Child;age_Elderly;age_Infant;age_Teenager
GUT_GENOME062382	Dialister sp900541485	Core Co-colonizer	3.351573079531235	0.9	SRP008047	7.101698023438347	0.7354372492993708	5.6602410148115805	8.543155032065114	Intercept;S1_status;log10_depth;health_state_diseased;age_Elderly
GUT_GENOME062382	Dialister sp900541485	Core Co-colonizer	3.351573079531235	0.9	SRP090628	-0.415608009777741	1.0182212833203048	-2.4113217250855383	1.5801057055300565	Intercept;S1_status;log10_depth;health_state_diseased
GUT_GENOME062382	Dialister sp900541485	Core Co-colonizer	3.351573079531235	0.9	SRP115494	2.2367303371295257	0.309111572303325	1.630871655415009	2.8425890188440426	Intercept;S1_status;log10_depth;health_state_diseased;age_Child;age_Elderly;age_Teenager
GUT_GENOME062382	Dialister sp900541485	Core Co-colonizer	3.351573079531235	0.9	SRP373424	4.308297032733415	0.4043311152552921	3.515808046833042	5.100786018633787	Intercept;S1_status;log10_depth;health_state_diseased;age_Elderly
GUT_GENOME244171	Prevotella timonensis	Core Co-colonizer	3.1448206356617927	1.0	ERP005989	3.3452015182993406	0.4729744404850587	2.418171614948625	4.272231421650056	Intercept;S1_status;log10_depth;age_Infant
GUT_GENOME244171	Prevotella timonensis	Core Co-colonizer	3.1448206356617927	1.0	ERP006678	5.235936141110554	0.8440588851059095	3.5815807263029718	6.890291555918137	Intercept;S1_status;log10_depth;health_state_diseased;age_Elderly
GUT_GENOME244171	Prevotella timonensis	Core Co-colonizer	3.1448206356617927	1.0	ERP010700	2.755343535367131	1.5980286674701143	-0.3767926528742928	5.887479723608555	Intercept;S1_status;log10_depth;health_state_diseased;age_Elderly
GUT_GENOME244171	Prevotella timonensis	Core Co-colonizer	3.1448206356617927	1.0	ERP012929	2.286703152009267	0.3400054619121428	1.6202924466614672	2.953113857357067	Intercept;S1_status;log10_depth
GUT_GENOME244171	Prevotella timonensis	Core Co-colonizer	3.1448206356617927	1.0	ERP013562	3.2261536408621607	0.7942708746385055	1.66938272657069	4.782924555153631	Intercept;S1_status;log10_depth;health_state_diseased
GUT_GENOME244171	Prevotella timonensis	Core Co-colonizer	3.1448206356617927	1.0	ERP115476	4.806387039103641	0.1638265906237747	4.485286921481043	5.12748715672624	Intercept;S1_status;log10_depth;health_state_diseased;age_Elderly
GUT_GENOME244171	Prevotella timonensis	Core Co-colonizer	3.1448206356617927	1.0	SRP008047	3.287675280590745	0.9094601734797716	1.5051333405703933	5.070217220611098	Intercept;S1_status;log10_depth;health_state_diseased;age_Elderly
GUT_GENOME244171	Prevotella timonensis	Core Co-colonizer	3.1448206356617927	1.0	SRP090628	1.954742726892977	0.6450402625869899	0.6904638122224767	3.219021641563477	Intercept;S1_status;log10_depth;health_state_diseased
GUT_GENOME244171	Prevotella timonensis	Core Co-colonizer	3.1448206356617927	1.0	SRP115494	2.041737494265937	0.3886939588313344	1.2798973349565217	2.8035776535753527	Intercept;S1_status;log10_depth;health_state_diseased;age_Child;age_Elderly;age_Teenager
GUT_GENOME244171	Prevotella timonensis	Core Co-colonizer	3.1448206356617927	1.0	SRP329141	2.0620739655121434	0.9471968964092556	0.2055680485500026	3.918579882474284	Intercept;S1_status;log10_depth
GUT_GENOME244171	Prevotella timonensis	Core Co-colonizer	3.1448206356617927	1.0	SRP373424	3.376954066522044	0.4964904152199285	2.403832852690984	4.350075280353104	Intercept;S1_status;log10_depth;health_state_diseased;age_Elderly
GUT_GENOME239710	Prevotella disiens	Core Co-colonizer	2.9408640160756345	1.0	ERP004605	0.9024968188908676	0.7232047613333337	-0.5149845133224664	2.319978151104201	Intercept;S1_status;log10_depth
GUT_GENOME239710	Prevotella disiens	Core Co-colonizer	2.9408640160756345	1.0	ERP005989	2.813597122529859	0.3207057605526568	2.185013831846652	3.442180413213066	Intercept;S1_status;log10_depth;age_Infant
GUT_GENOME239710	Prevotella disiens	Core Co-colonizer	2.9408640160756345	1.0	ERP006678	3.705648612918136	0.7115223323198565	2.3110648415712176	5.100232384265055	Intercept;S1_status;log10_depth;health_state_diseased;age_Elderly
GUT_GENOME239710	Prevotella disiens	Core Co-colonizer	2.9408640160756345	1.0	ERP010700	5.72346084356169	1.2604603596411743	3.252958538664988	8.193963148458392	Intercept;S1_status;log10_depth;health_state_diseased;age_Elderly
GUT_GENOME239710	Prevotella disiens	Core Co-colonizer	2.9408640160756345	1.0	ERP012929	3.655097138972285	0.3934697126378612	2.883896502202077	4.426297775742492	Intercept;S1_status;log10_depth
GUT_GENOME239710	Prevotella disiens	Core Co-colonizer	2.9408640160756345	1.0	ERP115476	4.80006216984509	0.1689589992473435	4.468902531320296	5.131221808369883	Intercept;S1_status;log10_depth;health_state_diseased;age_Elderly
GUT_GENOME239710	Prevotella disiens	Core Co-colonizer	2.9408640160756345	1.0	SRP008047	3.36213625724358	0.9662970758779328	1.4681939885228317	5.256078525964329	Intercept;S1_status;log10_depth;health_state_diseased;age_Elderly
GUT_GENOME239710	Prevotella disiens	Core Co-colonizer	2.9408640160756345	1.0	SRP115494	0.791585389553472	0.4213582127422254	-0.0342767074212898	1.617447486528234	Intercept;S1_status;log10_depth;health_state_diseased;age_Child;age_Elderly;age_Teenager
GUT_GENOME239710	Prevotella disiens	Core Co-colonizer	2.9408640160756345	1.0	SRP373424	1.432407245521799	0.4564881024535042	0.537690564712931	2.327123926330668	Intercept;S1_status;log10_depth;health_state_diseased;age_Elderly
GUT_GENOME140603	Anaerococcus obesiensis	Supported Co-colonizer	4.322228243360563	1.0	DRP004793	1.3996920496341794	0.2612851465825564	0.8875731623323688	1.91181093693599	Intercept;S1_status;log10_depth;health_state_diseased;disease_CRC;age_Elderly
GUT_GENOME140603	Anaerococcus obesiensis	Supported Co-colonizer	4.322228243360563	1.0	ERP002061	6.132269591481536	0.4511966840854525	5.247924090674049	7.016615092289023	Intercept;S1_status;log10_depth;health_state_diseased;age_Elderly
GUT_GENOME140603	Anaerococcus obesiensis	Supported Co-colonizer	4.322228243360563	1.0	ERP005989	4.185358018914593	0.3132784530373894	3.5713322509613104	4.799383786867876	Intercept;S1_status;log10_depth;age_Infant
GUT_GENOME140603	Anaerococcus obesiensis	Supported Co-colonizer	4.322228243360563	1.0	ERP012929	5.82462482374551	0.3955858911689199	5.049276477054427	6.599973170436593	Intercept;S1_status;log10_depth
GUT_GENOME140603	Anaerococcus obesiensis	Supported Co-colonizer	4.322228243360563	1.0	ERP115476	5.92797746595327	0.1331891154523783	5.666926799666609	6.189028132239931	Intercept;S1_status;log10_depth;health_state_diseased;age_Elderly
GUT_GENOME140603	Anaerococcus obesiensis	Supported Co-colonizer	4.322228243360563	1.0	ERP129957	2.4744870923902518	0.4429610329049606	1.6062834678965283	3.342690716883974	Intercept;S1_status;log10_depth;age_Child;age_Elderly;age_Infant;age_Teenager
