permutation_iteration	label_seed	model_random_state	null_auroc	null_auprc
1	42	42	0.47130327469358246	0.023760221037940347
2	43	42	0.41699958792541925	0.021403485748214428
3	44	42	0.48253800817891146	0.025141111300126424
4	45	42	0.49118945301209554	0.02593398522600477
5	46	42	0.4547848912351153	0.023535158906716425
6	47	42	0.4436053131634229	0.024607504567223708
7	48	42	0.4890527110741994	0.03029301968494291
8	49	42	0.5184024181406155	0.02719144580622815
9	50	42	0.4468498038535602	0.023373406352758894
10	51	42	0.4408588122175605	0.022160814454094447
11	52	42	0.4826504403682472	0.02503154767841005
12	53	42	0.4444022823734435	0.022382545748334138
13	54	42	0.4617711994340207	0.02418658469215028
14	55	42	0.5094134115691662	0.026072924402218665
15	56	42	0.48031230161950084	0.025267991366193204
16	57	42	0.4855527288406067	0.024718236598168134
17	58	42	0.5102677901400152	0.026194304450130584
18	59	42	0.5130425317183405	0.027038350629543986
19	60	42	0.45387575500601673	0.025325977255825225
20	61	42	0.46810081348931704	0.02859947332685267
21	62	42	0.522485244601001	0.027952397920628883
22	63	42	0.46692783285364037	0.02447505350643644
23	64	42	0.45332062107117116	0.023565895024823206
24	65	42	0.45930710481278714	0.027213489805244854
25	66	42	0.5285654660287731	0.029250201887519613
26	67	42	0.4899766968377386	0.028144665383919125
27	68	42	0.4957473319894505	0.024976361100434046
28	69	42	0.46128726371341244	0.023546096463356432
29	70	42	0.5024518967893715	0.027614797377447528
30	71	42	0.49034223403820887	0.026117628799802506
31	72	42	0.4780412509459949	0.02775444404363945
32	73	42	0.4381523519806362	0.022920892223087394
33	74	42	0.4706835718009462	0.023845653896869858
34	75	42	0.5256318874659853	0.03635509663903453
35	76	42	0.4412999229415231	0.024723566508502354
36	77	42	0.49690413723939725	0.025978614640958908
37	78	42	0.4839682039647196	0.025053488144305944
38	79	42	0.4939358213728288	0.027077771800238366
39	80	42	0.4520482015887941	0.0239231780394237
40	81	42	0.4632153166583668	0.026443432204202186
41	82	42	0.48201297106833385	0.02691477613467623
42	83	42	0.4752610733773834	0.024983796693499143
43	84	42	0.45526020892234276	0.023541666033944784
44	85	42	0.4707758510506841	0.025492230210095303
45	86	42	0.4861553282516105	0.02493151775898695
46	87	42	0.5061316644577984	0.03218050377780912
47	88	42	0.4754685691041648	0.02456815135861802
48	89	42	0.41797156950563247	0.022174761175179403
49	90	42	0.47916172787061395	0.026288792958078924
50	91	42	0.4514609820527466	0.025152212425909908
51	92	42	0.4660706699950838	0.026265590978293923
52	93	42	0.5026540891109955	0.03214250418166596
53	94	42	0.4537507272294322	0.023033632929772296
54	95	42	0.49713496794887096	0.025297642956410703
55	96	42	0.5034781056873188	0.03131673272396383
56	97	42	0.5413139239311385	0.02852884497787544
57	98	42	0.49374211449945665	0.02576950496901659
58	99	42	0.46499818888713873	0.02641284264407954
59	100	42	0.44885329773687793	0.024457070158441535
60	101	42	0.4706607671587696	0.02432543885966519
61	102	42	0.48419784140803285	0.027757881358021045
62	103	42	0.5092240800050489	0.02900979711676532
63	104	42	0.48383137611166005	0.025641198189643468
64	105	42	0.4719239056821213	0.023615861349660906
65	106	42	0.47575588107856415	0.024231624670043545
66	107	42	0.4929588015577162	0.02775487930667296
67	108	42	0.49435969603003005	0.026995872386652228
68	109	42	0.4865422116578392	0.027726153008800877
69	110	42	0.5046944416601568	0.027102861858516094
70	111	42	0.5010024761598679	0.027709606961578512
71	112	42	0.4748651741823873	0.02436983534339187
72	113	42	0.4565718736028842	0.024342699428353667
73	114	42	0.47511005891552793	0.025643138280343373
74	115	42	0.4932156189524608	0.026624422049990527
75	116	42	0.4648226461764305	0.023959814865754332
76	117	42	0.5318795639116007	0.02794271871780193
77	118	42	0.49456971087426105	0.02655627962121542
78	119	42	0.4876255647463567	0.027590829569419866
79	120	42	0.47879605808501463	0.02507412828293951
80	121	42	0.525278548097377	0.02913934531045933
81	122	42	0.4307194970674821	0.02178044444375516
82	123	42	0.48176251775977796	0.028036215153654356
83	124	42	0.42635784408094907	0.02123592029375677
84	125	42	0.4747929152871184	0.026659289751387722
85	126	42	0.46649480982254277	0.023946577652791953
86	127	42	0.4362036157555682	0.02395215646147165
87	128	42	0.47442698033126135	0.02444710265367446
88	129	42	0.5067631674269097	0.028127063830161426
89	130	42	0.45940110766920117	0.02324022542040686
90	131	42	0.4523682620900402	0.025304682890834887
91	132	42	0.49538590492797707	0.026066586781587752
92	133	42	0.5098700347532139	0.027157083478093286
93	134	42	0.4654184837458587	0.024205248888625894
94	135	42	0.48715422461299723	0.027154498608313468
95	136	42	0.5368387780742381	0.029921253323986166
96	137	42	0.5105619965411191	0.027145312929263463
97	138	42	0.5063789357232598	0.027748908987886744
98	139	42	0.49174352626590956	0.026444773290785338
99	140	42	0.4994053556967323	0.026678531375692045
100	141	42	0.5351298883474113	0.02752552448383774
