fpr	tpr
0.0	0.0
0.0	0.0031446540880503146
0.0	0.050314465408805034
8.432414200185513e-05	0.050314465408805034
8.432414200185513e-05	0.1069182389937107
0.00016864828400371025	0.1069182389937107
0.00016864828400371025	0.11635220125786164
0.00025297242600556537	0.11635220125786164
0.00025297242600556537	0.12264150943396226
0.0003372965680074205	0.12264150943396226
0.0003372965680074205	0.13836477987421383
0.0005059448520111307	0.13836477987421383
0.0005059448520111307	0.14150943396226415
0.0005902689940129859	0.14150943396226415
0.0005902689940129859	0.14465408805031446
0.0007589172780166962	0.14465408805031446
0.0007589172780166962	0.14779874213836477
0.0008432414200185513	0.14779874213836477
0.0008432414200185513	0.1509433962264151
0.0009275655620204064	0.1509433962264151
0.0009275655620204064	0.1540880503144654
0.0010118897040222615	0.1540880503144654
0.0010118897040222615	0.16981132075471697
0.0010962138460241166	0.16981132075471697
0.0010962138460241166	0.1761006289308176
0.0011805379880259718	0.1761006289308176
0.0011805379880259718	0.18553459119496854
0.0012648621300278269	0.18553459119496854
0.0012648621300278269	0.1918238993710692
0.0014335104140315372	0.1918238993710692
0.0014335104140315372	0.19811320754716982
0.0015178345560333923	0.19811320754716982
0.0015178345560333923	0.2138364779874214
0.0016864828400371026	0.2138364779874214
0.0016864828400371026	0.22327044025157233
0.001939455266042668	0.22327044025157233
0.001939455266042668	0.22641509433962265
0.0021081035500463783	0.22641509433962265
0.0021081035500463783	0.23270440251572327
0.0021924276920482332	0.23270440251572327
0.0021924276920482332	0.24528301886792453
0.0022767518340500886	0.24528301886792453
0.0022767518340500886	0.25471698113207547
0.002445400118053799	0.25471698113207547
0.002445400118053799	0.2578616352201258
0.0025297242600556538	0.2578616352201258
0.0025297242600556538	0.2610062893081761
0.002614048402057509	0.2610062893081761
0.002614048402057509	0.2672955974842767
0.0027826966860612194	0.2672955974842767
0.0027826966860612194	0.27358490566037735
0.0029513449700649297	0.27358490566037735
0.0029513449700649297	0.27672955974842767
0.0030356691120667846	0.27672955974842767
0.0030356691120667846	0.279874213836478
0.00311999325406864	0.279874213836478
0.00311999325406864	0.2861635220125786
0.003204317396070495	0.2861635220125786
0.003204317396070495	0.2893081761006289
0.0034572898220760605	0.2893081761006289
0.0034572898220760605	0.29245283018867924
0.003625938106079771	0.29245283018867924
0.003625938106079771	0.29874213836477986
0.0037102622480816258	0.29874213836477986
0.0037102622480816258	0.3050314465408805
0.004047558816089046	0.3050314465408805
0.004047558816089046	0.3081761006289308
0.004131882958090902	0.3081761006289308
0.004131882958090902	0.31446540880503143
0.004216207100092757	0.31446540880503143
0.004216207100092757	0.31761006289308175
0.004722151952103887	0.31761006289308175
0.004722151952103887	0.32075471698113206
0.004806476094105743	0.32075471698113206
0.004806476094105743	0.3270440251572327
0.004890800236107598	0.3270440251572327
0.004890800236107598	0.330188679245283
0.004975124378109453	0.330188679245283
0.004975124378109453	0.3333333333333333
0.0050594485201113076	0.3333333333333333
0.0050594485201113076	0.33647798742138363
0.005143772662113163	0.33647798742138363
0.005143772662113163	0.33962264150943394
0.005228096804115018	0.33962264150943394
0.005228096804115018	0.34276729559748426
0.005481069230120584	0.34276729559748426
0.005481069230120584	0.3490566037735849
0.005565393372122439	0.3490566037735849
0.005565393372122439	0.3522012578616352
0.005649717514124294	0.3522012578616352
0.005649717514124294	0.36792452830188677
0.006071338224133569	0.36792452830188677
0.006071338224133569	0.3742138364779874
0.00674593136014841	0.3742138364779874
0.00674593136014841	0.37735849056603776
0.006914579644152121	0.37735849056603776
0.007083227928155831	0.37735849056603776
0.007167552070157686	0.37735849056603776
0.007167552070157686	0.3805031446540881
0.007251876212159542	0.3805031446540881
0.007251876212159542	0.3867924528301887
0.0074205244961632515	0.3867924528301887
0.0074205244961632515	0.389937106918239
0.007589172780166962	0.389937106918239
0.007589172780166962	0.39622641509433965
0.007757821064170672	0.39622641509433965
0.007757821064170672	0.4025157232704403
0.007926469348174382	0.4025157232704403
0.007926469348174382	0.4119496855345912
0.008095117632178092	0.4119496855345912
0.008095117632178092	0.41509433962264153
0.008179441774179948	0.41509433962264153
0.008179441774179948	0.41823899371069184
0.008263765916181803	0.41823899371069184
0.008263765916181803	0.4308176100628931
0.008685386626191078	0.4308176100628931
0.008685386626191078	0.4339622641509434
0.009107007336200354	0.4339622641509434
0.009107007336200354	0.4371069182389937
0.00969727633021334	0.4371069182389937
0.00969727633021334	0.44025157232704404
0.01003457289822076	0.44025157232704404
0.01003457289822076	0.44654088050314467
0.010287545324226327	0.44654088050314467
0.010287545324226327	0.449685534591195
0.010456193608230037	0.449685534591195
0.010456193608230037	0.4559748427672956
0.010709166034235601	0.4559748427672956
0.010709166034235601	0.4591194968553459
0.011299435028248588	0.4591194968553459
0.011299435028248588	0.46226415094339623
0.011974028164263429	0.46226415094339623
0.011974028164263429	0.46540880503144655
0.012227000590268993	0.46540880503144655
0.012227000590268993	0.46855345911949686
0.01349186272029682	0.46855345911949686
0.01349186272029682	0.4716981132075472
0.014166455856311662	0.4716981132075472
0.014166455856311662	0.4748427672955975
0.014250779998313517	0.4748427672955975
0.014250779998313517	0.4811320754716981
0.014841048992326503	0.4811320754716981
0.014841048992326503	0.48427672955974843
0.015515642128341344	0.48427672955974843
0.015515642128341344	0.48742138364779874
0.015684290412345054	0.48742138364779874
0.015684290412345054	0.49056603773584906
0.015852938696348764	0.49056603773584906
0.015852938696348764	0.4937106918238994
0.01610591112235433	0.4937106918238994
0.01610591112235433	0.5
0.016358883548359897	0.5
0.016358883548359897	0.5031446540880503
0.016696180116367317	0.5031446540880503
0.016696180116367317	0.5062893081761006
0.01694915254237288	0.5062893081761006
0.01694915254237288	0.5125786163522013
0.017202124968378446	0.5125786163522013
0.017202124968378446	0.5157232704402516
0.0172864491103803	0.5157232704402516
0.0172864491103803	0.5188679245283019
0.01762374567838772	0.5188679245283019
0.01762374567838772	0.5220125786163522
0.018129690530398854	0.5220125786163522
0.018129690530398854	0.5251572327044025
0.018635635382409983	0.5251572327044025
0.018635635382409983	0.5283018867924528
0.019478876802428536	0.5283018867924528
0.019478876802428536	0.5314465408805031
0.020153469938443375	0.5314465408805031
0.020153469938443375	0.5345911949685535
0.02065941479045451	0.5345911949685535
0.02065941479045451	0.5377358490566038
0.021924276920482336	0.5377358490566038
0.021924276920482336	0.5408805031446541
0.022430221772493465	0.5408805031446541
0.022430221772493465	0.5440251572327044
0.023779408044523147	0.5440251572327044
0.023779408044523147	0.5471698113207547
0.02479129774854541	0.5471698113207547
0.02479129774854541	0.550314465408805
0.02681507715658993	0.550314465408805
0.02681507715658993	0.5534591194968553
0.027236697866599206	0.5534591194968553
0.027236697866599206	0.5566037735849056
0.02757399443460663	0.5566037735849056
0.02757399443460663	0.559748427672956
0.027826966860612194	0.559748427672956
0.027826966860612194	0.5628930817610063
0.02791129100261405	0.5628930817610063
0.02791129100261405	0.5660377358490566
0.02807993928661776	0.5660377358490566
0.02807993928661776	0.5691823899371069
0.0287545324226326	0.5691823899371069
0.0287545324226326	0.5723270440251572
0.029176153132641876	0.5723270440251572
0.029176153132641876	0.5786163522012578
0.029682097984653006	0.5786163522012578
0.029682097984653006	0.5817610062893082
0.030441015262669704	0.5817610062893082
0.030441015262669704	0.5880503144654088
0.03136858082469011	0.5880503144654088
0.03136858082469011	0.5943396226415094
0.03187452567670124	0.5943396226415094
0.03187452567670124	0.5974842767295597
0.03305506366472721	0.5974842767295597
0.03305506366472721	0.60062893081761
0.03550046378278101	0.60062893081761
0.03550046378278101	0.6037735849056604
0.036090732776794	0.6037735849056604
0.036090732776794	0.6069182389937107
0.037355594906821825	0.6069182389937107
0.037355594906821825	0.610062893081761
0.03862045703684965	0.610062893081761
0.03862045703684965	0.6132075471698113
0.04072856058689603	0.6132075471698113
0.04072856058689603	0.6163522012578616
0.0409815330129016	0.6163522012578616
0.0409815330129016	0.6194968553459119
0.04106585715490345	0.6194968553459119
0.04106585715490345	0.6289308176100629
0.043173960704949825	0.6289308176100629
0.043173960704949825	0.6320754716981132
0.04325828484695168	0.6320754716981132
0.04325828484695168	0.6352201257861635
0.0443544986929758	0.6352201257861635
0.0443544986929758	0.6383647798742138
0.04502909182899064	0.6383647798742138
0.04502909182899064	0.6415094339622641
0.046884222953031456	0.6415094339622641
0.046884222953031456	0.6446540880503144
0.04696854709503331	0.6446540880503144
0.04696854709503331	0.6477987421383647
0.04713719537903702	0.6477987421383647
0.04713719537903702	0.6509433962264151
0.04747449194704444	0.6509433962264151
0.04747449194704444	0.6540880503144654
0.04966691963909267	0.6540880503144654
0.04966691963909267	0.6572327044025157
0.052702588751159456	0.6572327044025157
0.052702588751159456	0.660377358490566
0.052786912893161314	0.660377358490566
0.052786912893161314	0.6635220125786163
0.05497934058520954	0.6635220125786163
0.05497934058520954	0.6666666666666666
0.05565393372122439	0.6666666666666666
0.05565393372122439	0.6698113207547169
0.05666582342524665	0.6698113207547169
0.05666582342524665	0.6729559748427673
0.05978581667931529	0.6729559748427673
0.05978581667931529	0.6761006289308176
0.06037608567332827	0.6761006289308176
0.06037608567332827	0.6792452830188679
0.06079770638333755	0.6792452830188679
0.06079770638333755	0.6823899371069182
0.06088203052533941	0.6823899371069182
0.06088203052533941	0.6855345911949685
0.062062568513365376	0.6855345911949685
0.062062568513365376	0.6886792452830188
0.062231216797369086	0.6886792452830188
0.062231216797369086	0.6918238993710691
0.06265283750737836	0.6918238993710691
0.06265283750737836	0.6949685534591195
0.06315878235938949	0.6949685534591195
0.06315878235938949	0.6981132075471698
0.06425499620541361	0.6981132075471698
0.06425499620541361	0.7012578616352201
0.07378362425162324	0.7012578616352201
0.07378362425162324	0.7044025157232704
0.07757821064170672	0.7044025157232704
0.07757821064170672	0.7075471698113207
0.08120414874778649	0.7075471698113207
0.08120414874778649	0.710691823899371
0.08238468673581247	0.710691823899371
0.08238468673581247	0.7138364779874213
0.08398684543384771	0.7138364779874213
0.08398684543384771	0.7169811320754716
0.08575765241588666	0.7169811320754716
0.08592630069989038	0.7169811320754716
0.08660089383590522	0.7169811320754716
0.08685386626191079	0.7169811320754716
0.08879332152795345	0.7169811320754716
0.08879332152795345	0.720125786163522
0.09081710093599797	0.720125786163522
0.09081710093599797	0.7232704402515723
0.09368412176406105	0.7232704402515723
0.09368412176406105	0.7264150943396226
0.09705708744413526	0.7264150943396226
0.09705708744413526	0.7295597484276729
0.09806897714815752	0.7295597484276729
0.09806897714815752	0.7327044025157232
0.09857492200016865	0.7327044025157232
0.09857492200016865	0.7358490566037735
0.10009275655620203	0.7358490566037735
0.10009275655620203	0.7389937106918238
0.10321274981027068	0.7389937106918238
0.10321274981027068	0.7421383647798742
0.10624841892233747	0.7421383647798742
0.10624841892233747	0.7452830188679245
0.10700733620035416	0.7452830188679245
0.10700733620035416	0.7484276729559748
0.1086094948983894	0.7484276729559748
0.1086094948983894	0.7515723270440252
0.10970570874441353	0.7515723270440252
0.10970570874441353	0.7547169811320755
0.11139219158445063	0.7547169811320755
0.1118138122944599	0.7547169811320755
0.11586137111054895	0.7547169811320755
0.11603001939455267	0.7547169811320755
0.11855974365460832	0.7547169811320755
0.11855974365460832	0.7578616352201258
0.11906568850661944	0.7578616352201258
0.11906568850661944	0.7610062893081762
0.12100514377266211	0.7610062893081762
0.12100514377266211	0.7641509433962265
0.12227000590268994	0.7641509433962265
0.12227000590268994	0.7672955974842768
0.12319757146471035	0.7672955974842768
0.12319757146471035	0.7704402515723271
0.1240408128847289	0.7704402515723271
0.1240408128847289	0.7735849056603774
0.12446243359473817	0.7735849056603774
0.12446243359473817	0.7767295597484277
0.12522135087275488	0.7767295597484277
0.12522135087275488	0.779874213836478
0.12775107513281053	0.779874213836478
0.12791972341681423	0.779874213836478
0.13019647525086434	0.779874213836478
0.13019647525086434	0.7830188679245284
0.13095539252888103	0.7830188679245284
0.13095539252888103	0.7861635220125787
0.1324732270849144	0.7861635220125787
0.1326418753689181	0.7861635220125787
0.13576186862298675	0.7861635220125787
0.13576186862298675	0.789308176100629
0.1381229445990387	0.789308176100629
0.1382915928830424	0.789308176100629
0.13837591702504426	0.789308176100629
0.13837591702504426	0.7924528301886793
0.14107428956910364	0.7924528301886793
0.14107428956910364	0.7955974842767296
0.1439413103971667	0.7955974842767296
0.1439413103971667	0.7987421383647799
0.14588076566320937	0.7987421383647799
0.14613373808921495	0.7987421383647799
0.14815751749725947	0.7987421383647799
0.14815751749725947	0.8018867924528302
0.15026562104730584	0.8018867924528302
0.15026562104730584	0.8050314465408805
0.15060291761531328	0.8050314465408805
0.15060291761531328	0.8081761006289309
0.15212075217134666	0.8081761006289309
0.15212075217134666	0.8113207547169812
0.15271102116535964	0.8113207547169812
0.15271102116535964	0.8144654088050315
0.15287966944936335	0.8144654088050315
0.15287966944936335	0.8176100628930818
0.1633358630575934	0.8176100628930818
0.1633358630575934	0.8207547169811321
0.16493802175562863	0.8207547169811321
0.16493802175562863	0.8238993710691824
0.16805801500969728	0.8238993710691824
0.16805801500969728	0.8270440251572327
0.1683953115777047	0.8270440251572327
0.1683953115777047	0.8333333333333334
0.17185260139978076	0.8333333333333334
0.17202124968378446	0.8333333333333334
0.1726958428197993	0.8333333333333334
0.17286449110380303	0.8333333333333334
0.17387638080782528	0.8333333333333334
0.17404502909182898	0.8333333333333334
0.1743823256598364	0.8333333333333334
0.17455097394384012	0.8333333333333334
0.1775866430559069	0.8333333333333334
0.17783961548191246	0.8333333333333334
0.1781769120499199	0.8333333333333334
0.17842988447592545	0.8333333333333334
0.18391095370604604	0.8333333333333334
0.18407960199004975	0.8333333333333334
0.1858504089720887	0.8333333333333334
0.1860190572560924	0.8333333333333334
0.18745256767012394	0.8333333333333334
0.18762121595412767	0.8333333333333334
0.18795851252213508	0.8333333333333334
0.18795851252213508	0.8364779874213837
0.19234336790623155	0.8364779874213837
0.19234336790623155	0.839622641509434
0.19419849903027236	0.839622641509434
0.19436714731427607	0.839622641509434
0.19655957500632432	0.839622641509434
0.19681254743232987	0.839622641509434
0.19917362340838182	0.839622641509434
0.19917362340838182	0.8427672955974843
0.2011130786744245	0.8427672955974843
0.2011130786744245	0.8459119496855346
0.20566658234252466	0.8459119496855346
0.20566658234252466	0.8490566037735849
0.21022008601062483	0.8490566037735849
0.21022008601062483	0.8522012578616353
0.21334007926469348	0.8522012578616353
0.21334007926469348	0.8553459119496856
0.22185681760688086	0.8553459119496856
0.22185681760688086	0.8584905660377359
0.22413356944093094	0.8584905660377359
0.22413356944093094	0.8616352201257862
0.22438654186693652	0.8616352201257862
0.22438654186693652	0.8647798742138365
0.22775950754701071	0.8647798742138365
0.22818112825701997	0.8647798742138365
0.22843410068302555	0.8647798742138365
0.22860274896702926	0.8647798742138365
0.2286870731090311	0.8647798742138365
0.22885572139303484	0.8647798742138365
0.234589763049161	0.8647798742138365
0.234589763049161	0.8679245283018868
0.24023948056328526	0.8679245283018868
0.240408128847289	0.8679245283018868
0.2409140736993001	0.8679245283018868
0.2409140736993001	0.8710691823899371
0.2430221772493465	0.8710691823899371
0.2430221772493465	0.8742138364779874
0.24833459819546336	0.8742138364779874
0.24858757062146894	0.8742138364779874
0.24875621890547264	0.8742138364779874
0.2501054051775023	0.8742138364779874
0.2503583776035079	0.8742138364779874
0.25229783286955054	0.8742138364779874
0.25246648115355425	0.8742138364779874
0.2557551226916266	0.8742138364779874
0.2560080951176322	0.8742138364779874
0.25794755038367484	0.8742138364779874
0.25794755038367484	0.8773584905660378
0.26207943334176576	0.8773584905660378
0.26275402647778057	0.8773584905660378
0.2661269921578548	0.8773584905660378
0.2661269921578548	0.8805031446540881
0.2665486128678641	0.8805031446540881
0.2667172611518678	0.8805031446540881
0.26899401298591785	0.8805031446540881
0.26916266126992155	0.8805031446540881
0.2716923855299772	0.8805031446540881
0.27202968209798467	0.8805031446540881
0.27489670292604773	0.8805031446540881
0.2756556202040644	0.8805031446540881
0.276498861624083	0.8805031446540881
0.276498861624083	0.8836477987421384
0.277089130618096	0.8836477987421384
0.277089130618096	0.8867924528301887
0.27919723416814235	0.8867924528301887
0.27936588245214605	0.8867924528301887
0.2813896618601906	0.8867924528301887
0.2813896618601906	0.889937106918239
0.2822329032802091	0.889937106918239
0.2824015515642128	0.889937106918239
0.28569019310228516	0.889937106918239
0.28611181381229445	0.889937106918239
0.2871237035163167	0.889937106918239
0.2872923518003204	0.889937106918239
0.28948477949236867	0.889937106918239
0.28948477949236867	0.8930817610062893
0.2931107175984484	0.8930817610062893
0.2931107175984484	0.8962264150943396
0.293953959018467	0.8962264150943396
0.2941226073024707	0.8962264150943396
0.29538746943249855	0.8962264150943396
0.2956404418585041	0.8962264150943396
0.29715827641453746	0.8962264150943396
0.2974955729825449	0.8962264150943396
0.30795176659077494	0.8962264150943396
0.30812041487477865	0.8962264150943396
0.3093009528628046	0.8962264150943396
0.30963824943081203	0.8962264150943396
0.3097225735728139	0.8962264150943396
0.3098912218568176	0.8962264150943396
0.30997554599881944	0.8962264150943396
0.3101441942828232	0.8962264150943396
0.3103971667088287	0.8962264150943396
0.3105658149928324	0.8962264150943396
0.3116620288388566	0.8962264150943396
0.3118306771228603	0.8962264150943396
0.31343283582089554	0.8962264150943396
0.31343283582089554	0.89937106918239
0.31351715996289736	0.89937106918239
0.3138544565309048	0.89937106918239
0.3169744497849734	0.89937106918239
0.3169744497849734	0.9025157232704403
0.31882958090901425	0.9025157232704403
0.31908255333501984	0.9025157232704403
0.32338308457711445	0.9025157232704403
0.32355173286111816	0.9025157232704403
0.3245636225651404	0.9025157232704403
0.32490091913314784	0.9025157232704403
0.3260814571211738	0.9025157232704403
0.32709334682519603	0.9025157232704403
0.33021334007926467	0.9025157232704403
0.33046631250527025	0.9025157232704403
0.33055063664727213	0.9025157232704403
0.33088793321527954	0.9025157232704403
0.33535711274137786	0.9025157232704403
0.33552576102538156	0.9025157232704403
0.33586305759338897	0.9025157232704403
0.33662197487140566	0.9025157232704403
0.3371279197234168	0.9025157232704403
0.3373808921494224	0.9025157232704403
0.33780251285943164	0.9025157232704403
0.34168142339151697	0.9025157232704403
0.34185007167552073	0.9025157232704403
0.34201871995952443	0.9025157232704403
0.3458133063496079	0.9025157232704403
0.3458133063496079	0.9056603773584906
0.34893329960367653	0.9056603773584906
0.3491862720296821	0.9056603773584906
0.3553419343958175	0.9056603773584906
0.3553419343958175	0.9088050314465409
0.3558478792478287	0.9088050314465409
0.36470191415802344	0.9088050314465409
0.38063917699637406	0.9088050314465409
0.38063917699637406	0.9119496855345912
0.38291592883042413	0.9119496855345912
0.38308457711442784	0.9119496855345912
0.384771059954465	0.9119496855345912
0.3849397082384687	0.9119496855345912
0.38519268066447426	0.9119496855345912
0.38780672906653174	0.9119496855345912
0.38797537735053544	0.9119496855345912
0.3959861708407117	0.9119496855345912
0.3963234674087191	0.9119496855345912
0.4076229024369677	0.9119496855345912
0.4077915507209714	0.9119496855345912
0.41183910953706043	0.9119496855345912
0.41183910953706043	0.9150943396226415
0.41529639935913654	0.9150943396226415
0.41546504764314024	0.9150943396226415
0.41959693060123116	0.9150943396226415
0.41976557888523486	0.9150943396226415
0.4217050341512775	0.9150943396226415
0.4217050341512775	0.9182389937106918
0.4236444894173202	0.9182389937106918
0.42482502740534617	0.9182389937106918
0.42499367568934987	0.9182389937106918
0.42676448267138883	0.9182389937106918
0.42701745509739436	0.9182389937106918
0.4305590690614723	0.9182389937106918
0.430727717345476	0.9182389937106918
0.43140231048149086	0.9182389937106918
0.43140231048149086	0.9213836477987422
0.4337633864575428	0.9213836477987422
0.4339320347415465	0.9213836477987422
0.435365545155578	0.9213836477987422
0.435365545155578	0.9245283018867925
0.43671473142760775	0.9245283018867925
0.4369677038536133	0.9245283018867925
0.43840121426764483	0.9245283018867925
0.43856986255164854	0.9245283018867925
0.4415212075217135	0.9245283018867925
0.4416898558057172	0.9245283018867925
0.44211147651572646	0.9245283018867925
0.44211147651572646	0.9276729559748428
0.4460747111898136	0.9276729559748428
0.4460747111898136	0.9308176100628931
0.4522303735559491	0.9308176100628931
0.4523990218399528	0.9308176100628931
0.45568766337802513	0.9308176100628931
0.45585631166202883	0.9308176100628931
0.4594822497681086	0.9308176100628931
0.45965089805211234	0.9308176100628931
0.4620962981701661	0.9308176100628931
0.4622649464541698	0.9308176100628931
0.4631925120161902	0.9308176100628931
0.4631925120161902	0.9339622641509434
0.46631250527025886	0.9339622641509434
0.46631250527025886	0.9371069182389937
0.46639682941226074	0.9371069182389937
0.46639682941226074	0.940251572327044
0.46673412598026814	0.940251572327044
0.46690277426427185	0.940251572327044
0.47010709166034237	0.940251572327044
0.47027573994434607	0.940251572327044
0.4786238300025297	0.940251572327044
0.47879247828653343	0.940251572327044
0.47879247828653343	0.9433962264150944
0.4816594991145965	0.9433962264150944
0.48191247154060207	0.9433962264150944
0.4869719200607134	0.9433962264150944
0.4869719200607134	0.9465408805031447
0.48815245804873936	0.9465408805031447
0.48832110633274306	0.9465408805031447
0.4946454169828822	0.9465408805031447
0.4948140652668859	0.9465408805031447
0.4975124378109453	0.9465408805031447
0.4977654102369508	0.9465408805031447
0.49919892065098237	0.9465408805031447
0.4993675689349861	0.9465408805031447
0.5027405346150603	0.9465408805031447
0.5029091828990641	0.9465408805031447
0.5044270174550974	0.9465408805031447
0.5044270174550974	0.949685534591195
0.5102453832532254	0.949685534591195
0.5107513281052365	0.949685534591195
0.515136183489333	0.949685534591195
0.515136183489333	0.9528301886792453
0.5169913146133738	0.9528301886792453
0.5172442870393794	0.9528301886792453
0.5198583354414369	0.9528301886792453
0.5201113078674424	0.9528301886792453
0.5233156252635129	0.9528301886792453
0.5234842735475167	0.9528301886792453
0.5243275149675352	0.9528301886792453
0.5246648115355427	0.9528301886792453
0.5260139978075723	0.9528301886792453
0.5261826460915761	0.9528301886792453
0.5326756050257189	0.9528301886792453
0.5328442533097226	0.9528301886792453
0.533771818871743	0.9528301886792453
0.5339404671557467	0.9528301886792453
0.5346993844337634	0.9528301886792453
0.5349523568597689	0.9528301886792453
0.5398431570958766	0.9528301886792453
0.5400118053798802	0.9528301886792453
0.5423728813559322	0.9528301886792453
0.5427101779239396	0.9528301886792453
0.5433004469179527	0.9528301886792453
0.5435534193439582	0.9528301886792453
0.5470950333080361	0.9528301886792453
0.5472636815920398	0.9528301886792453
0.5499620541360991	0.9528301886792453
0.5501307024201029	0.9528301886792453
0.5513112404081288	0.9528301886792453
0.5515642128341344	0.9528301886792453
0.5581414959102791	0.9528301886792453
0.5583101441942828	0.9528301886792453
0.5595750063243107	0.9528301886792453
0.5597436546083143	0.9528301886792453
0.5606712201703348	0.9528301886792453
0.5606712201703348	0.9559748427672956
0.567501475672485	0.9559748427672956
0.5676701239564887	0.9559748427672956
0.5678387722404925	0.9559748427672956
0.5680074205244962	0.9559748427672956
0.5682603929505017	0.9559748427672956
0.5684290412345054	0.9559748427672956
0.5688506619445147	0.9559748427672956
0.5690193102285184	0.9559748427672956
0.5713803862045703	0.9559748427672956
0.5713803862045703	0.9591194968553459
0.5730668690446075	0.9591194968553459
0.5730668690446075	0.9622641509433962
0.5739944346066279	0.9622641509433962
0.5741630828906316	0.9622641509433962
0.5793911796947466	0.9622641509433962
0.5795598279787503	0.9622641509433962
0.5800657728307614	0.9622641509433962
0.5800657728307614	0.9654088050314465
0.5818365798128005	0.9654088050314465
0.582089552238806	0.9654088050314465
0.5823425246648115	0.9654088050314465
0.5825111729488153	0.9654088050314465
0.5841976557888523	0.9654088050314465
0.5845349523568598	0.9654088050314465
0.5874862973269247	0.9654088050314465
0.5876549456109285	0.9654088050314465
0.5906062905809933	0.9654088050314465
0.5908592630069989	0.9654088050314465
0.5923770975630323	0.9654088050314465
0.592545745847036	0.9654088050314465
0.5928830424150434	0.9654088050314465
0.5960030356691121	0.9654088050314465
0.5961716839531158	0.9654088050314465
0.5965933046631251	0.9654088050314465
0.5965933046631251	0.9685534591194969
0.5992073530651826	0.9685534591194969
0.5993760013491862	0.9685534591194969
0.59954464963319	0.9685534591194969
0.5996289737751919	0.9716981132075472
0.5999662703431993	0.9716981132075472
0.6003035669112067	0.9716981132075472
0.6014841048992327	0.9716981132075472
0.6016527531832364	0.9716981132075472
0.6039295050172865	0.9716981132075472
0.6040981533012901	0.9716981132075472
0.6046884222953032	0.9716981132075472
0.6048570705793068	0.9716981132075472
0.6072181465553588	0.9716981132075472
0.6073867948393625	0.9716981132075472
0.6129521882114849	0.9716981132075472
0.6131208364954887	0.9716981132075472
0.6134581330634961	0.9716981132075472
0.614638671051522	0.9716981132075472
0.6148073193355258	0.9716981132075472
0.6157348848975461	0.9716981132075472
0.6166624504595666	0.9716981132075472
0.6177586643055907	0.9716981132075472
0.6180959608735981	0.9716981132075472
0.62045703684965	0.9716981132075472
0.6206256851336538	0.9716981132075472
0.6223121679736908	0.9716981132075472
0.6224808162576946	0.9716981132075472
0.623408381819715	0.9716981132075472
0.6236613542457206	0.9716981132075472
0.6250948646597521	0.9716981132075472
0.6255164853697613	0.9716981132075472
0.6293110717598448	0.9716981132075472
0.6294797200438486	0.9716981132075472
0.6307445821738764	0.9716981132075472
0.6310818787418838	0.9716981132075472
0.631587823593895	0.9716981132075472
0.6319251201619024	0.9716981132075472
0.6331056581499284	0.9716981132075472
0.633274306433932	0.9716981132075472
0.6336116030019394	0.9716981132075472
0.6337802512859432	0.9716981132075472
0.6339488995699468	0.9716981132075472
0.6343705202799561	0.9716981132075472
0.6361413272619951	0.9716981132075472
0.6363099755459988	0.9716981132075472
0.6375748376760266	0.9716981132075472
0.6377434859600304	0.9716981132075472
0.6425499620541361	0.9716981132075472
0.6427186103381398	0.9716981132075472
0.643224555190151	0.9716981132075472
0.643224555190151	0.9748427672955975
0.6446580656041825	0.9748427672955975
0.6448267138881862	0.9748427672955975
0.646681845012227	0.9748427672955975
0.6470191415802344	0.9748427672955975
0.6483683278522641	0.9748427672955975
0.6487056244202716	0.9748427672955975
0.6501391348343031	0.9748427672955975
0.6503077831183067	0.9748427672955975
0.6509823762543216	0.9748427672955975
0.651319672822329	0.9748427672955975
0.6516569693903365	0.9748427672955975
0.6519942659583439	0.9748427672955975
0.6521629142423476	0.9748427672955975
0.6523315625263513	0.9748427672955975
0.652500210810355	0.9748427672955975
0.6528375073783624	0.9748427672955975
0.6546926385024032	0.9748427672955975
0.654861286786407	0.9748427672955975
0.6556202040644237	0.9748427672955975
0.656041824774433	0.9748427672955975
0.6566320937684459	0.9748427672955975
0.6568007420524496	0.9748427672955975
0.6568850661944514	0.9748427672955975
0.6570537144784552	0.9748427672955975
0.661185597436546	0.9748427672955975
0.6619445147145627	0.9748427672955975
0.6648958596846277	0.9748427672955975
0.6650645079686314	0.9748427672955975
0.6657391011046463	0.9748427672955975
0.6661607218146556	0.9748427672955975
0.6665823425246649	0.9748427672955975
0.6669196390926723	0.9748427672955975
0.6680158529386964	0.9748427672955975
0.6681845012227	0.9748427672955975
0.6685217977907075	0.9748427672955975
0.6686904460747112	0.9748427672955975
0.6691120667847205	0.9748427672955975
0.6696180116367316	0.9748427672955975
0.6715574669027743	0.9748427672955975
0.6718947634707817	0.9748427672955975
0.6740871911628299	0.9748427672955975
0.6746774601568429	0.9748427672955975
0.6786406948309301	0.9748427672955975
0.6788936672569357	0.9748427672955975
0.6792309638249431	0.9748427672955975
0.679821232818956	0.9748427672955975
0.6801585293869635	0.9748427672955975
0.6803271776709672	0.9748427672955975
0.6809174466649802	0.9748427672955975
0.6809174466649802	0.9779874213836478
0.6814233915169913	0.9779874213836478
0.681592039800995	0.9779874213836478
0.682182308795008	0.9779874213836478
0.682182308795008	0.9811320754716981
0.6842904123450544	0.9811320754716981
0.6844590606290581	0.9811320754716981
0.6845433847710599	0.9811320754716981
0.6852179779070748	0.9811320754716981
0.6854709503330804	0.9811320754716981
0.6857239227590859	0.9811320754716981
0.6866514883211063	0.9811320754716981
0.68682013660511	0.9811320754716981
0.6916266126992158	0.9811320754716981
0.6919639092672232	0.9811320754716981
0.693228771397251	0.9811320754716981
0.6933974196812548	0.9811320754716981
0.6960114680833123	0.9811320754716981
0.6962644405093178	0.9811320754716981
0.6965174129353234	0.9811320754716981
0.696770385361329	0.9811320754716981
0.6975293026393456	0.9811320754716981
0.6976979509233494	0.9811320754716981
0.6983725440593642	0.9811320754716981
0.6993001096213846	0.9811320754716981
0.6994687579053883	0.9811320754716981
0.6999747027573995	0.9811320754716981
0.7020828063074458	0.9811320754716981
0.7022514545914496	0.9811320754716981
0.7031790201534699	0.9811320754716981
0.7036006408634792	0.9811320754716981
0.7040222615734885	0.9811320754716981
0.7043595581414959	0.9811320754716981
0.7046125305675015	0.9811320754716981
0.7047811788515052	0.9811320754716981
0.7059617168395311	0.9811320754716981
0.7061303651235349	0.9811320754716981
0.7070579306855552	0.9811320754716981
0.7088287376675942	0.9811320754716981
0.7089130618095961	0.9811320754716981
0.7091660342356016	0.9811320754716981
0.7134665654776963	0.9811320754716981
0.7137195379037018	0.9811320754716981
0.7175141242937854	0.9811320754716981
0.7175141242937854	0.9842767295597484
0.718863310565815	0.9842767295597484
0.7190319588498187	0.9842767295597484
0.7217303313938781	0.9842767295597484
0.7219833038198836	0.9842767295597484
0.7224892486718948	0.9842767295597484
0.7226578969558984	0.9842767295597484
0.72409140736993	0.9842767295597484
0.7242600556539337	0.9842767295597484
0.725271945357956	0.9842767295597484
0.7254405936419597	0.9842767295597484
0.7274643730500042	0.9842767295597484
0.7274643730500042	0.9874213836477987
0.727633021334008	0.9874213836477987
0.7278016696180116	0.9874213836477987
0.7294038283160469	0.9874213836477987
0.7295724766000506	0.9874213836477987
0.7312589594400877	0.9874213836477987
0.7314276077240914	0.9874213836477987
0.7317649042920988	0.9874213836477987
0.7319335525761025	0.9874213836477987
0.7320178767181044	0.9874213836477987
0.73227084914411	0.9874213836477987
0.7331140905641285	0.9874213836477987
0.7356438148241842	0.9874213836477987
0.7360654355341935	0.9874213836477987
0.7381735390842398	0.9874213836477987
0.7388481322202547	0.9874213836477987
0.7390167805042583	0.9874213836477987
0.7401129943502824	0.9874213836477987
0.7402816426342862	0.9874213836477987
0.7407032633442955	0.9874213836477987
0.7408719116282991	0.9874213836477987
0.7434016358883548	0.9874213836477987
0.7435702841723586	0.9874213836477987
0.7451724428703937	0.9874213836477987
0.7454254152963994	0.9874213836477987
0.7474491947044439	0.9874213836477987
0.7476178429884476	0.9874213836477987
0.7482924361244624	0.9874213836477987
0.7484610844084661	0.9874213836477987
0.7536891812125812	0.9874213836477987
0.7545324226325997	0.9874213836477987
0.7557972847626275	0.9874213836477987
0.7570621468926554	0.9874213836477987
0.7579897124546757	0.9874213836477987
0.7583270090226832	0.9874213836477987
0.7586643055906906	0.9874213836477987
0.7588329538746943	0.9874213836477987
0.7595075470107092	0.9874213836477987
0.7596761952947129	0.9874213836477987
0.7606037608567333	0.9874213836477987
0.760772409140737	0.9874213836477987
0.7629648368327853	0.9874213836477987
0.7631334851167889	0.9874213836477987
0.7668437473648706	0.9874213836477987
0.7670123956488742	0.9874213836477987
0.7677713129268909	0.9874213836477987
0.7679399612108947	0.9874213836477987
0.7703853613289485	0.9874213836477987
0.7705540096129522	0.9874213836477987
0.7715658993169745	0.9874213836477987
0.7717345476009781	0.9874213836477987
0.7724934648789948	0.9874213836477987
0.7726621131629986	0.9874213836477987
0.7735053545830172	0.9874213836477987
0.7736740028670208	0.9874213836477987
0.7747702167130449	0.9874213836477987
0.7749388649970487	0.9874213836477987
0.7763723754110802	0.9874213836477987
0.7769626444050932	0.9874213836477987
0.7772156168310987	0.9874213836477987
0.7773842651151025	0.9874213836477987
0.7798296652331562	0.9874213836477987
0.77999831351716	0.9874213836477987
0.7804199342271693	0.9874213836477987
0.7806729066531748	0.9874213836477987
0.78227506535121	0.9874213836477987
0.7824437136352138	0.9874213836477987
0.7877561345813306	0.9874213836477987
0.7877561345813306	0.9905660377358491
0.7880091070073362	0.9905660377358491
0.7881777552913399	0.9905660377358491
0.7894426174213678	0.9905660377358491
0.7896955898473733	0.9905660377358491
0.7906231554093938	0.9905660377358491
0.7908761278353993	0.9905660377358491
0.7912134244034067	0.9905660377358491
0.7917193692554179	0.9905660377358491
0.7918880175394215	0.9905660377358491
0.7923939623914327	0.9905660377358491
0.7943334176574753	0.9905660377358491
0.7945020659414791	0.9905660377358491
0.7955139556455013	0.9905660377358491
0.7956826039295051	0.9905660377358491
0.7960199004975125	0.9905660377358491
0.7961885487815161	0.9905660377358491
0.7967788177755292	0.9905660377358491
0.7969474660595328	0.9905660377358491
0.7993085420355848	0.9905660377358491
0.7996458386035922	0.9905660377358491
0.8017539421536386	0.9905660377358491
0.8019225904376422	0.9905660377358491
0.8063074458217387	0.9905660377358491
0.8064760941057425	0.9905660377358491
0.8068977148157518	0.9905660377358491
0.8070663630997554	0.9905660377358491
0.8090901425078	0.9905660377358491
0.8099333839278186	0.9905660377358491
0.8138122944599039	0.9905660377358491
0.8139809427439075	0.9905660377358491
0.8144025634539168	0.9905660377358491
0.8146555358799225	0.9905660377358491
0.8240155156421284	0.9905660377358491
0.824184163926132	0.9905660377358491
0.8264609157601821	0.9905660377358491
0.8266295640441859	0.9905660377358491
0.8313517159962898	0.9905660377358491
0.8316046884222953	0.9905660377358491
0.8321106332743065	0.9905660377358491
0.8322792815583101	0.9905660377358491
0.8324479298423139	0.9905660377358491
0.8327009022683194	0.9905660377358491
0.8327009022683194	0.9937106918238994
0.8344717092503584	0.9937106918238994
0.834640357534362	0.9937106918238994
0.8349776541023695	0.9937106918238994
0.835314950670377	0.9937106918238994
0.8354835989543806	0.9937106918238994
0.836495488658403	0.9937106918238994
0.8366641369424066	0.9937106918238994
0.8396154819124716	0.9937106918238994
0.8398684543384771	0.9937106918238994
0.8417235854625179	0.9937106918238994
0.8419765578885234	0.9937106918238994
0.8450122270005903	0.9937106918238994
0.845180875284594	0.9937106918238994
0.8452651994265958	0.9937106918238994
0.8454338477105996	0.9937106918238994
0.8455181718526014	0.9937106918238994
0.8456868201366051	0.9937106918238994
0.8467830339826292	0.9937106918238994
0.846951682266633	0.9937106918238994
0.8472889788346404	0.9937106918238994
0.847457627118644	0.9937106918238994
0.84863816510667	0.9937106918238994
0.8488911375326756	0.9937106918238994
0.8496500548106923	0.9937106918238994
0.849818703094696	0.9937106918238994
0.8511678893667257	0.9937106918238994
0.851589510076735	0.9937106918238994
0.852095454928746	0.9937106918238994
0.8522641032127498	0.9937106918238994
0.8545408550467999	0.9937106918238994
0.8547095033308036	0.9937106918238994
0.8547938274728054	0.9937106918238994
0.8552154481828147	0.9937106918238994
0.8578294965848723	0.9937106918238994
0.8579981448688759	0.9937106918238994
0.8582511172948816	0.9937106918238994
0.8584197655788852	0.9937106918238994
0.8586727380048907	0.9937106918238994
0.8588413862888945	0.9937106918238994
0.860274896702926	0.9937106918238994
0.8605278691289316	0.9937106918238994
0.8615397588329539	0.9937106918238994
0.8617084071169576	0.9937106918238994
0.863226241672991	0.9937106918238994
0.8634792140989965	0.9937106918238994
0.8652500210810355	0.9937106918238994
0.8654186693650392	0.9937106918238994
0.8663462349270596	0.9937106918238994
0.8665148832110633	0.9937106918238994
0.8671894763470782	0.9937106918238994
0.8693819040391264	0.9937106918238994
0.8738510835652247	0.9937106918238994
0.8740197318492284	0.9937106918238994
0.8746100008432415	0.9937106918238994
0.8759591871152711	0.9937106918238994
0.8762964836832785	0.9937106918238994
0.8765494561092841	0.9937106918238994
0.8769710768192933	0.9937106918238994
0.8778143182393119	0.9937106918238994
0.8780672906653175	0.9937106918238994
0.879500801079349	0.9937106918238994
0.8796694493633527	0.9937106918238994
0.8801753942153638	0.9937106918238994
0.8801753942153638	0.9968553459119497
0.8812716080613879	0.9968553459119497
0.8821148494814065	0.9968553459119497
0.8856564634454844	0.9968553459119497
0.8859937600134918	0.9968553459119497
0.8864153807235011	0.9968553459119497
0.8865840290075049	0.9968553459119497
0.8898726705455772	0.9968553459119497
0.8901256429715828	0.9968553459119497
0.8905472636815921	0.9968553459119497
0.8907159119655957	0.9968553459119497
0.8908002361075976	0.9968553459119497
0.8909688843916013	0.9968553459119497
0.8941732017876718	0.9968553459119497
0.8943418500716755	0.9968553459119497
0.8951007673496922	0.9968553459119497
0.895775360485707	0.9968553459119497
0.8968715743317311	0.9968553459119497
0.8975461674677461	0.9968553459119497
0.8983894088877645	0.9968553459119497
0.8986423813137702	0.9968553459119497
0.9011721055738258	0.9968553459119497
0.9013407538578295	0.9968553459119497
0.9032802091238722	0.9968553459119497
0.9034488574078758	0.9968553459119497
0.9053039885319167	0.9968553459119497
0.9054726368159204	0.9968553459119497
0.9064002023779408	0.9968553459119497
0.9065688506619445	0.9968553459119497
0.9090985749220002	0.9968553459119497
0.909773168058015	0.9968553459119497
0.9100261404840205	0.9968553459119497
0.9107007336200355	0.9968553459119497
0.9108693819040391	0.9968553459119497
0.9127245130280799	0.9968553459119497
0.9128931613120836	0.9968553459119497
0.9133147820220929	0.9968553459119497
0.9134834303060967	0.9968553459119497
0.9148326165781263	0.9968553459119497
0.9150012648621301	0.9968553459119497
0.9160131545661523	0.9968553459119497
0.916181802850156	0.9968553459119497
0.9165190994181635	0.9968553459119497
0.916772071844169	0.9968553459119497
0.9171093684121764	0.9968553459119497
0.9172780166961801	0.9968553459119497
0.9187115271102116	0.9968553459119497
0.919048823678219	0.9968553459119497
0.9206509823762543	0.9968553459119497
0.9206509823762543	1.0
0.9211569272282655	1.0
0.9228434100683025	1.0
0.9241925963403322	1.0
0.924361244624336	1.0
0.9295050172864491	1.0
0.9296736655704528	1.0
0.9302639345644658	1.0
0.9304325828484695	1.0
0.930685555274475	1.0
0.9340585209545493	1.0
0.934227169238553	1.0
0.9352390589425753	1.0
0.935407707226579	1.0
0.9368412176406105	1.0
0.9370941900666161	1.0
0.938864997048655	1.0
0.9395395901846699	1.0
0.9401298591786829	1.0
0.9408044523146977	1.0
0.9410574247407033	1.0
0.941226073024707	1.0
0.9422379627287293	1.0
0.9424066110127329	1.0
0.9514292942069315	1.0
0.9515979424909351	1.0
0.952862804620963	1.0
0.9530314529049667	1.0
0.9531157770469686	1.0
0.9532844253309722	1.0
0.9576692807150687	1.0
0.9578379289990724	1.0
0.9588498187030947	1.0
0.9590184669870984	1.0
0.9607892739691374	1.0
0.9610422463951429	1.0
0.9631503499451893	1.0
0.963318998229193	1.0
0.965595750063243	1.0
0.9660173707732523	1.0
0.9668606121932709	1.0
0.9670292604772747	1.0
0.967956826039295	1.0
0.9681254743232988	1.0
0.9682941226073025	1.0
0.9684627708913062	1.0
0.9686314191753099	1.0
0.9688000674593136	1.0
0.969137364027321	1.0
0.9693060123113247	1.0
0.9717514124293786	1.0
0.9720043848553841	1.0
0.973269246985412	1.0
0.9734378952694156	1.0
0.9760519436714732	1.0
0.9762205919554768	1.0
0.9768951850914916	1.0
0.9770638333754954	1.0
0.9774011299435028	1.0
0.9775697782275066	1.0
0.9809427439075807	1.0
0.9811113921915845	1.0
0.9829665233156253	1.0
0.9831351715996289	1.0
0.9842313854456531	1.0
0.9844000337296568	1.0
0.9889535373977569	1.0
0.9892065098237626	1.0
0.9893751581077662	1.0
0.98954380639177	1.0
0.9900497512437811	1.0
0.9903027236697867	1.0
0.9926637996458386	1.0
0.9928324479298423	1.0
1.0	1.0
